id,created_at,direction,command,text,success,error
4,2026-07-13T15:01:52.319766+00:00,sent,,"[KIS][거래알림]
시각=7월 14일 00:01
건수=1
해외 FHB 매도접수 +$28.96 x429 수익률=-0.63% 매수=VOL+RSI (주도:VOL) 청산=모멘텀 소실 손절 주문=공격지정가",1,
5,2026-07-13T15:07:25.760864+00:00,sent,,"[KIS][거래알림]
시각=7월 14일 00:07
시장=해외
종목=CRAN
동작=주문거부
가격=$10.2000
수량=579
지표=RSI 46.6, 거래량 5.0x, 분봉 상방
사유=pending_buy_order
주문거부=1건 (pending_buy_order)",1,
6,2026-07-13T15:07:44.104103+00:00,sent,,"[KIS][거래알림]
시각=7월 14일 00:07
시장=해외
종목=CRAN
동작=주문거부
가격=$10.2000
수량=579
지표=RSI 46.6, 거래량 5.0x, 분봉 상방
사유=pending_buy_order
주문거부=1건 (pending_buy_order)",1,
7,2026-07-13T15:08:06.949003+00:00,sent,,"[KIS][거래알림]
시각=7월 14일 00:08
건수=1
해외 CRAN 매수접수 +$10.20 x643 전략=VWAP+VOL+RSI 주도=VWAP",1,
8,2026-07-13T15:08:07.873475+00:00,sent,,"[KIS][거래알림]
시각=7월 14일 00:07
시장=해외
종목=CRAN
동작=주문거부
가격=$10.2000
수량=579
지표=RSI 46.6, 거래량 5.0x, 분봉 상방
사유=pending_buy_order
주문거부=1건 (pending_buy_order)",1,
9,2026-07-13T15:08:30.384967+00:00,sent,,"[KIS][거래알림]
시각=7월 14일 00:08
시장=해외
종목=CRAN
동작=주문거부
가격=$10.2000
수량=579
지표=RSI 46.6, 거래량 5.0x, 분봉 상방
사유=pending_buy_order
주문거부=1건 (pending_buy_order)",1,
10,2026-07-13T15:08:49.626258+00:00,sent,,"[KIS][거래알림]
시각=7월 14일 00:08
시장=해외
종목=CRAN
동작=주문거부
가격=$10.2000
수량=579
지표=RSI 46.6, 거래량 5.0x, 분봉 상방
사유=pending_buy_order
주문거부=1건 (pending_buy_order)",1,
11,2026-07-13T15:09:37.030429+00:00,sent,,"[KIS][거래알림]
시각=7월 14일 00:09
시장=해외
종목=CRAN
동작=주문거부
가격=$10.2000
수량=585
지표=RSI 46.6, 거래량 5.0x, 분봉 상방
사유=pending_buy_order
주문거부=1건 (pending_buy_order)",1,
12,2026-07-13T15:09:55.586558+00:00,sent,,"[KIS][거래알림]
시각=7월 14일 00:09
시장=해외
종목=CRAN
동작=주문거부
가격=$10.2000
수량=585
지표=RSI 46.6, 거래량 5.0x, 분봉 상방
사유=pending_buy_order
주문거부=1건 (pending_buy_order)",1,
13,2026-07-13T15:10:17.052247+00:00,sent,,"[KIS][거래알림]
시각=7월 14일 00:10
건수=1
해외 CRAN 매수접수 +$10.20 x579 전략=VWAP+VOL+RSI 주도=VWAP",1,
14,2026-07-13T15:10:18.108776+00:00,sent,,"[KIS][거래알림]
시각=7월 14일 00:09
시장=해외
종목=CRAN
동작=주문거부
가격=$10.2000
수량=585
지표=RSI 46.6, 거래량 5.0x, 분봉 상방
사유=pending_buy_order
주문거부=1건 (pending_buy_order)",1,
15,2026-07-13T15:10:40.763551+00:00,sent,,"[KIS][거래알림]
시각=7월 14일 00:10
시장=해외
종목=CRAN
동작=주문거부
가격=$10.2000
수량=585
지표=RSI 46.6, 거래량 5.0x, 분봉 상방
사유=pending_buy_order
주문거부=1건 (pending_buy_order)",1,
16,2026-07-13T15:11:00.726660+00:00,sent,,"[KIS][거래알림]
시각=7월 14일 00:10
시장=해외
종목=CRAN
동작=주문거부
가격=$10.2000
수량=585
지표=RSI 46.6, 거래량 5.0x, 분봉 상방
사유=pending_buy_order
주문거부=1건 (pending_buy_order)",1,
17,2026-07-13T15:12:31.802757+00:00,sent,,"[KIS][거래알림]
시각=7월 14일 00:12
건수=4
해외 CRAN 매수접수 +$10.20 x585 전략=VWAP+VOL+RSI 주도=VWAP
해외 CRAN 매수접수 +$10.20 x584 전략=VWAP+VOL+RSI 주도=VWAP
해외 CRAN 매수접수 +$10.20 x526 전략=VWAP+VOL+RSI 주도=VWAP
해외 CRAN 매수접수 +$10.20 x473 전략=VWAP+VOL+RSI 주도=VWAP",1,
18,2026-07-13T15:14:01.583939+00:00,sent,,"[KIS][거래알림]
시각=7월 14일 00:14
건수=4
해외 CRAN 매수접수 +$10.20 x426 전략=VWAP+VOL+RSI 주도=VWAP
해외 CRAN 매수접수 +$10.20 x384 전략=VWAP+VOL+RSI 주도=VWAP
해외 CRAN 매수접수 +$10.20 x345 전략=VWAP+VOL+RSI 주도=VWAP
해외 CRAN 매수접수 +$10.20 x311 전략=VWAP+VOL+RSI 주도=VWAP",1,
19,2026-07-13T15:15:25.443829+00:00,sent,,"[KIS][거래알림]
시각=7월 14일 00:15
건수=4
해외 CRAN 매수접수 +$10.20 x280 전략=VWAP+VOL+RSI 주도=VWAP
해외 CRAN 매수접수 +$10.20 x252 전략=VWAP+VOL+RSI 주도=VWAP
해외 CRAN 매수접수 +$10.20 x226 전략=VWAP+VOL+RSI 주도=VWAP
해외 CRAN 매수접수 +$10.20 x204 전략=VWAP+VOL+RSI 주도=VWAP",1,
20,2026-07-13T15:16:56.122845+00:00,sent,,"[KIS][거래알림]
시각=7월 14일 00:16
건수=4
해외 CRAN 매수접수 +$10.20 x183 전략=VWAP+VOL+RSI 주도=VWAP
해외 CRAN 매수접수 +$10.20 x165 전략=VWAP+VOL+RSI 주도=VWAP
해외 CRAN 매수접수 +$10.20 x149 전략=VWAP+VOL+RSI 주도=VWAP
해외 CRAN 매수접수 +$10.20 x134 전략=VWAP+VOL+RSI 주도=VWAP",1,
21,2026-07-13T15:18:27.758263+00:00,sent,,"[KIS][거래알림]
시각=7월 14일 00:18
건수=4
해외 CRAN 매수접수 +$10.20 x120 전략=VWAP+VOL+RSI 주도=VWAP
해외 CRAN 매수접수 +$10.20 x108 전략=VWAP+VOL+RSI 주도=VWAP
해외 CRAN 매수접수 +$10.20 x97 전략=VWAP+VOL+RSI 주도=VWAP
해외 CRAN 매수접수 +$10.20 x88 전략=VWAP+VOL+RSI 주도=VWAP",1,
22,2026-07-13T15:19:53.968654+00:00,sent,,"[KIS][거래알림]
시각=7월 14일 00:19
건수=4
해외 CRAN 매수접수 +$10.20 x79 전략=VWAP+VOL+RSI 주도=VWAP
해외 CRAN 매수접수 +$10.20 x71 전략=VWAP+VOL+RSI 주도=VWAP
해외 CRAN 매수접수 +$10.20 x64 전략=VWAP+VOL+RSI 주도=VWAP
해외 CRAN 매수접수 +$10.20 x58 전략=VWAP+VOL+RSI 주도=VWAP",1,
23,2026-07-13T15:21:24.261906+00:00,sent,,"[KIS][거래알림]
시각=7월 14일 00:21
건수=4
해외 CRAN 매수접수 +$10.20 x52 전략=VWAP+VOL+RSI 주도=VWAP
해외 CRAN 매수접수 +$10.20 x47 전략=VWAP+VOL+RSI 주도=VWAP
해외 CRAN 매수접수 +$10.20 x42 전략=VWAP+VOL+RSI 주도=VWAP
해외 CRAN 매수접수 +$10.20 x38 전략=VWAP+VOL+RSI 주도=VWAP",1,
24,2026-07-13T15:22:59.102779+00:00,sent,,"[KIS][거래알림]
시각=7월 14일 00:22
건수=4
해외 CRAN 매수접수 +$10.20 x34 전략=VWAP+VOL+RSI 주도=VWAP
해외 CRAN 매수접수 +$10.20 x30 전략=VWAP+VOL+RSI 주도=VWAP
해외 CRAN 매수접수 +$10.20 x27 전략=VWAP+VOL+RSI 주도=VWAP
해외 CRAN 매수접수 +$10.20 x25 전략=VWAP+VOL+RSI 주도=VWAP",1,
25,2026-07-13T15:24:31.771781+00:00,sent,,"[KIS][거래알림]
시각=7월 14일 00:24
건수=4
해외 CRAN 매수접수 +$10.20 x22 전략=VWAP+VOL+RSI 주도=VWAP
해외 CRAN 매수접수 +$10.20 x20 전략=VWAP+VOL+RSI 주도=VWAP
해외 CRAN 매수접수 +$10.20 x18 전략=VWAP+VOL+RSI 주도=VWAP
해외 CRAN 매수접수 +$10.20 x16 전략=VWAP+VOL+RSI 주도=VWAP",1,
26,2026-07-13T15:26:03.829544+00:00,sent,,"[KIS][거래알림]
시각=7월 14일 00:26
건수=4
해외 CRAN 매수접수 +$10.20 x15 전략=VWAP+VOL+RSI 주도=VWAP
해외 CRAN 매수접수 +$10.20 x13 전략=VWAP+VOL+RSI 주도=VWAP
해외 CRAN 매수접수 +$10.20 x12 전략=VWAP+VOL+RSI 주도=VWAP
해외 CRAN 매수접수 +$10.20 x11 전략=VWAP+VOL+RSI 주도=VWAP",1,
27,2026-07-13T15:27:03.611011+00:00,sent,,"[KIS][TELEGRAM_CONTROL_START]
profile=paper
loop_interval_sec=25
controller_mode=persistent_service
use /lab_help for commands",1,
28,2026-07-13T15:27:13.852969+00:00,sent,,✅ TradingView Scanner 접근 가능 — 해외 동적 풀 활성화,1,
29,2026-07-13T15:29:03.477567+00:00,sent,,"[KIS][거래알림]
시각=7월 14일 00:29
건수=4
해외 CRAN 매수접수 +$10.20 x8 전략=VWAP+VOL+RSI 주도=VWAP
해외 CRAN 매수접수 +$10.20 x7 전략=VWAP+VOL+RSI 주도=VWAP
해외 CRAN 매수접수 +$10.20 x6 전략=VWAP+VOL+RSI 주도=VWAP
해외 CRAN 매수접수 +$10.20 x6 전략=VWAP+VOL+RSI 주도=VWAP",1,
30,2026-07-13T15:30:35.117934+00:00,sent,,"[KIS][거래알림]
시각=7월 14일 00:30
건수=4
해외 CRAN 매수접수 +$10.20 x5 전략=VWAP+VOL+RSI 주도=VWAP
해외 CRAN 매수접수 +$10.20 x4 전략=VWAP+VOL+RSI 주도=VWAP
해외 CRAN 매수접수 +$10.20 x4 전략=VWAP+VOL+RSI 주도=VWAP
해외 CRAN 매수접수 +$10.20 x4 전략=VWAP+VOL+RSI 주도=VWAP",1,
31,2026-07-13T15:32:02.298029+00:00,sent,,"[KIS][거래알림]
시각=7월 14일 00:32
건수=4
해외 CRAN 매수접수 +$10.20 x3 전략=VWAP+VOL+RSI 주도=VWAP
해외 CRAN 매수접수 +$10.20 x3 전략=VWAP+VOL+RSI 주도=VWAP
해외 CRAN 매수접수 +$10.20 x3 전략=VWAP+VOL+RSI 주도=VWAP
해외 CRAN 매수접수 +$10.20 x2 전략=VWAP+VOL+RSI 주도=VWAP",1,
32,2026-07-13T15:33:37.118418+00:00,sent,,"[KIS][거래알림]
시각=7월 14일 00:33
건수=4
해외 CRAN 매수접수 +$10.20 x2 전략=VWAP+VOL+RSI 주도=VWAP
해외 CRAN 매수접수 +$10.20 x2 전략=VWAP+VOL+RSI 주도=VWAP
해외 CRAN 매수접수 +$10.20 x2 전략=VWAP+VOL+RSI 주도=VWAP
해외 CRAN 매수접수 +$10.20 x2 전략=VWAP+VOL+RSI 주도=VWAP",1,
33,2026-07-13T15:34:46.895189+00:00,received,/lab_portfolio,/lab_portfolio,1,
34,2026-07-13T15:34:53.362787+00:00,sent,,"[KIS][포트폴리오]
시각=7월 14일 00:34
─── 실보유 종목 ───
국내 002990 수량=52 매입=16,840원 현재=16,820원 손익=-0.12%
국내 042660 수량=11 매입=82,200원 현재=82,800원 손익=+0.73%
국내 058730 수량=184 매입=5,310원 현재=4,925원 손익=-7.25%
해외 MSEX 수량=522 매입=$54.1040 현재=$54.8150 손익=+1.31%
─── 실보유 리스크 ───
국내 002990 손익=-17.04% 기준=-1.00% 수량=52 상태=감시중
국내 042660 손익=-4.14% 기준=-1.00% 수량=11 상태=감시중
국내 058730 손익=-10.26% 기준=-1.00% 수량=184 상태=감시중
─── 보유상태 불일치 ───
해외 CRAN 내부기록=1주 조회결과=없음 조치=재조회 또는 /lab_orders 확인
─── 가상보유 종목 ───
국내 002990 수량=52 매입=16,840원 현재=16,820원 손익=-0.12%
국내 042660 수량=11 매입=82,200원 현재=82,800원 손익=+0.73%
국내 058730 수량=184 매입=5,310원 현재=4,925원 손익=-7.25%
해외 INVA 수량=298 매입=$22.2400 현재=$22.4600 손익=+0.99%
해외 MSEX 수량=522 매입=$54.1040 현재=$54.8150 손익=+1.31%
해외 QFIN 수량=503 매입=$13.2000 현재=$12.7850 손익=-3.14%
─── 가상보유 리스크 ───
국내 058730 손익=-7.25% 기준=-1.00% 수량=184 상태=감시중
해외 QFIN 손익=-3.14% 기준=-1.00% 수량=503 상태=감시중
─── 가상 노출 ───
해외 가상매수노출=$13,267.12 2종목 한도=주문가능USD x50% 최근한도=$54.81 상태=초과 포지션한도=2/8 정상
─── 정산 대기 매도 ───
정산대기=없음
─── 누적 성과 (virtual) ───
성과=없음",1,
35,2026-07-13T15:35:05.853783+00:00,sent,,"[KIS][거래알림]
시각=7월 14일 00:35
건수=4
해외 CRAN 매수접수 +$10.20 x1 전략=VWAP+VOL+RSI 주도=VWAP
해외 CRAN 매수접수 +$10.20 x1 전략=VWAP+VOL+RSI 주도=VWAP
해외 CRAN 매수접수 +$10.20 x1 전략=VWAP+VOL+RSI 주도=VWAP
해외 CRAN 매수접수 +$10.20 x1 전략=VWAP+VOL+RSI 주도=VWAP",1,
36,2026-07-13T15:35:18.910835+00:00,received,/lab_guard,/lab_guard,1,
37,2026-07-13T15:35:19.960851+00:00,sent,,"[KIS][전략가드]
시각=7월 14일 00:35
상태=활성
범위=최근 48시간
차단조건=3건 이상, 평균순손익 -0.30% 이하
감시대상=overseas:RSI,VOL,VWAP
고정차단=해외 VWAP단독,해외 RSI단독,해외 VOL단독
주의=실주문접수 SELL_REAL 기준, 체결확정은 /lab_orders 확인
해외 VWAP+RSI 상태=참고 4건 승률=0% 평균순=-2.27%
해외 VOL+RSI 상태=참고 1건 승률=0% 평균순=-1.20%
국내 VWAP 상태=참고 1건 승률=0% 평균순=-0.28%
해외 VWAP 상태=감시 1건 승률=100% 평균순=+2.25%",1,
38,2026-07-13T15:35:33.648767+00:00,received,/lab_cancel_stale_domestic,/lab_cancel_stale_domestic,1,
39,2026-07-13T15:35:34.824126+00:00,sent,,"[KIS][국내미체결취소]
시각=7월 14일 00:35
동작=확인
대상=없음 (30분 이상 국내 미체결 없음)",1,
40,2026-07-13T15:35:42.739598+00:00,received,/lab_cancel_stale_overseas,/lab_cancel_stale_overseas,1,
41,2026-07-13T15:35:44.016162+00:00,sent,,"[KIS][해외미체결취소]
시각=7월 14일 00:35
동작=확인
대상=1건
7월 13일 22:58 해외 MSEX 매도미체결 $55.5950 x522 주문번호=40077 경과=1시간37분 주의=장기미체결
주의=확정 명령을 보내면 위 해외 미체결 주문을 KIS에 취소 요청합니다.
실행=/lab_cancel_stale_overseas_confirm",1,
42,2026-07-13T15:36:50.819039+00:00,sent,,"[KIS][거래알림]
시각=7월 14일 00:36
건수=4
해외 CRAN 매수접수 +$10.20 x1 전략=VWAP+VOL+RSI 주도=VWAP
해외 CRAN 매수접수 +$10.20 x1 전략=VWAP+VOL+RSI 주도=VWAP
해외 CRAN 매수접수 +$10.20 x1 전략=VWAP+VOL+RSI 주도=VWAP
해외 CRAN 매수접수 +$10.20 x1 전략=VWAP+VOL+RSI 주도=VWAP",1,
43,2026-07-13T15:36:50.832111+00:00,received,/lab_guard,/lab_guard,1,
44,2026-07-13T15:36:51.846768+00:00,sent,,"[KIS][전략가드]
시각=7월 14일 00:36
상태=활성
범위=최근 48시간
차단조건=3건 이상, 평균순손익 -0.30% 이하
감시대상=overseas:RSI,VOL,VWAP
고정차단=해외 VWAP단독,해외 RSI단독,해외 VOL단독
주의=실주문접수 SELL_REAL 기준, 체결확정은 /lab_orders 확인
해외 VWAP+RSI 상태=참고 4건 승률=0% 평균순=-2.27%
해외 VOL+RSI 상태=참고 1건 승률=0% 평균순=-1.20%
국내 VWAP 상태=참고 1건 승률=0% 평균순=-0.28%
해외 VWAP 상태=감시 1건 승률=100% 평균순=+2.25%",1,
45,2026-07-13T15:37:08.968669+00:00,received,/lab_orders,/lab_orders,1,
46,2026-07-13T15:37:11.805978+00:00,sent,,"[KIS][주문기록]
시각=7월 14일 00:37
기준=주문 접수/취소/가상기록 (체결확정 아님)
─── live 국내 미체결 ───
미체결=없음
─── live 해외 미체결 ───
7월 13일 22:58 해외 MSEX 매도미체결 $55.5950 x522 주문번호=40077 경과=1시간38분 주의=장기미체결
─── 접수 후 체결확정 추적 필요 ───
기준=실주문 SUBMITTED, DB상 체결확정 이벤트 없음
7월 14일 00:36 해외 CRAN 매수접수 $10.2000 x1 확인필요=MTS/잔고 경과=0분 주문번호=0000041500 브로커상태=미체결목록없음
7월 14일 00:36 해외 CRAN 매수접수 $10.2000 x1 확인필요=MTS/잔고 경과=0분 주문번호=0000041497 브로커상태=미체결목록없음
7월 14일 00:36 해외 CRAN 매수접수 $10.2000 x1 확인필요=MTS/잔고 경과=1분 주문번호=0000041490 브로커상태=미체결목록없음
7월 14일 00:35 해외 CRAN 매수접수 $10.2000 x1 확인필요=MTS/잔고 경과=1분 주문번호=0000041482 브로커상태=미체결목록없음
7월 14일 00:35 해외 CRAN 매수접수 $10.2000 x1 확인필요=MTS/잔고 경과=2분 주문번호=0000041479 브로커상태=미체결목록없음
─── 내부 주문 이벤트 ───
7월 14일 00:36 해외 CRAN 매수접수 $10.2000 x1 상태=SUBMITTED 사유=눌림목 진입 주문번호=0000041500
7월 14일 00:36 해외 CRAN 매수접수 $10.2000 x1 상태=SUBMITTED 사유=눌림목 진입 주문번호=0000041497
7월 14일 00:36 해외 CRAN 매수접수 $10.2000 x1 상태=SUBMITTED 사유=눌림목 진입 주문번호=0000041490
7월 14일 00:35 해외 CRAN 매수접수 $10.2000 x1 상태=SUBMITTED 사유=눌림목 진입 주문번호=0000041482
7월 14일 00:35 해외 CRAN 매수접수 $10.2000 x1 상태=SUBMITTED 사유=눌림목 진입 주문번호=0000041479
7월 14일 00:34 해외 CRAN 매수접수 $10.2000 x1 상태=SUBMITTED 사유=눌림목 진입 주문번호=0000041475
7월 14일 00:34 해외 CRAN 매수접수 $10.2000 x1 상태=SUBMITTED 사유=눌림목 진입 주문번호=0000041471
7월 14일 00:33 해외 CRAN 매수접수 $10.2000 x1 상태=SUBMITTED 사유=눌림목 진입 주문번호=0000041468
7월 14일 00:33 해외 CRAN 매수접수 $10.2000 x2 상태=SUBMITTED 사유=눌림목 진입 주문번호=0000041463
7월 14일 00:33 해외 CRAN 매수접수 $10.2000 x2 상태=SUBMITTED 사유=눌림목 진입 주문번호=0000041456
7월 14일 00:32 해외 CRAN 매수접수 $10.2000 x2 상태=SUBMITTED 사유=눌림목 진입 주문번호=0000041455
7월 14일 00:32 해외 CRAN 매수접수 $10.2000 x2 상태=SUBMITTED 사유=눌림목 진입 주문번호=0000041453",1,
47,2026-07-13T15:37:40.778221+00:00,sent,,"[KIS][거래알림]
시각=7월 14일 00:37
시장=해외
종목=CRAN
동작=주문거부
가격=$10.2000
수량=-
지표=RSI 46.6, 거래량 5.0x, 분봉 상방
사유=slot_budget_insufficient
주문거부=1건 (slot_budget_insufficient)",1,
48,2026-07-13T15:37:58.596976+00:00,sent,,"[KIS][거래알림]
시각=7월 14일 00:37
시장=해외
종목=CRAN
동작=주문거부
가격=$10.2000
수량=-
지표=RSI 46.6, 거래량 5.0x, 분봉 상방
사유=slot_budget_insufficient
주문거부=1건 (slot_budget_insufficient)",1,
49,2026-07-13T15:38:25.220252+00:00,sent,,"[KIS][거래알림]
시각=7월 14일 00:38
건수=1
해외 CRAN 매수접수 +$10.20 x1 전략=VWAP+VOL+RSI 주도=VWAP",1,
50,2026-07-13T15:38:26.251597+00:00,sent,,"[KIS][거래알림]
시각=7월 14일 00:38
시장=해외
종목=CRAN
동작=주문거부
가격=$10.2000
수량=-
지표=RSI 46.6, 거래량 5.0x, 분봉 상방
사유=slot_budget_insufficient
주문거부=1건 (slot_budget_insufficient)",1,
51,2026-07-13T15:38:45.871878+00:00,sent,,"[KIS][거래알림]
시각=7월 14일 00:38
시장=해외
종목=CRAN
동작=주문거부
가격=$10.2000
수량=-
지표=RSI 46.6, 거래량 5.0x, 분봉 상방
사유=slot_budget_insufficient
주문거부=1건 (slot_budget_insufficient)",1,
52,2026-07-13T15:39:05.980221+00:00,sent,,"[KIS][거래알림]
시각=7월 14일 00:38
시장=해외
종목=CRAN
동작=주문거부
가격=$10.2000
수량=-
지표=RSI 46.6, 거래량 5.0x, 분봉 상방
사유=slot_budget_insufficient
주문거부=1건 (slot_budget_insufficient)",1,
53,2026-07-13T15:39:31.595216+00:00,sent,,"[KIS][거래알림]
시각=7월 14일 00:39
시장=해외
종목=CRAN
동작=주문거부
가격=$10.2000
수량=-
지표=RSI 46.6, 거래량 5.0x, 분봉 상방
사유=slot_budget_insufficient
주문거부=1건 (slot_budget_insufficient)",1,
54,2026-07-13T15:39:49.836806+00:00,sent,,"[KIS][거래알림]
시각=7월 14일 00:39
시장=해외
종목=CRAN
동작=주문거부
가격=$10.2000
수량=-
지표=RSI 46.6, 거래량 5.0x, 분봉 상방
사유=slot_budget_insufficient
주문거부=1건 (slot_budget_insufficient)",1,
55,2026-07-13T15:40:09.697976+00:00,sent,,"[KIS][거래알림]
시각=7월 14일 00:39
시장=해외
종목=CRAN
동작=주문거부
가격=$10.2000
수량=-
지표=RSI 46.6, 거래량 5.0x, 분봉 상방
사유=slot_budget_insufficient
주문거부=1건 (slot_budget_insufficient)",1,
56,2026-07-13T15:40:36.673294+00:00,sent,,"[KIS][거래알림]
시각=7월 14일 00:40
시장=해외
종목=CRAN
동작=주문거부
가격=$10.2000
수량=-
지표=RSI 46.6, 거래량 5.0x, 분봉 상방
사유=slot_budget_insufficient
주문거부=1건 (slot_budget_insufficient)",1,
57,2026-07-13T15:40:54.818864+00:00,sent,,"[KIS][거래알림]
시각=7월 14일 00:40
시장=해외
종목=CRAN
동작=주문거부
가격=$10.2000
수량=-
지표=RSI 46.6, 거래량 5.0x, 분봉 상방
사유=slot_budget_insufficient
주문거부=1건 (slot_budget_insufficient)",1,
58,2026-07-13T15:41:14.672046+00:00,sent,,"[KIS][거래알림]
시각=7월 14일 00:40
시장=해외
종목=CRAN
동작=주문거부
가격=$10.2000
수량=-
지표=RSI 46.6, 거래량 5.0x, 분봉 상방
사유=slot_budget_insufficient
주문거부=1건 (slot_budget_insufficient)",1,
59,2026-07-13T15:41:41.677307+00:00,sent,,"[KIS][거래알림]
시각=7월 14일 00:41
시장=해외
종목=CRAN
동작=주문거부
가격=$10.2000
수량=-
지표=RSI 46.6, 거래량 5.0x, 분봉 상방
사유=slot_budget_insufficient
주문거부=1건 (slot_budget_insufficient)",1,
60,2026-07-13T15:41:58.727401+00:00,sent,,"[KIS][거래알림]
시각=7월 14일 00:41
시장=해외
종목=CRAN
동작=주문거부
가격=$10.2000
수량=-
지표=RSI 46.6, 거래량 5.0x, 분봉 상방
사유=slot_budget_insufficient
주문거부=1건 (slot_budget_insufficient)",1,
61,2026-07-13T15:42:21.176013+00:00,sent,,"[KIS][거래알림]
시각=7월 14일 00:42
시장=해외
종목=CRAN
동작=주문거부
가격=$10.2000
수량=-
지표=RSI 46.6, 거래량 5.0x, 분봉 상방
사유=slot_budget_insufficient
주문거부=1건 (slot_budget_insufficient)",1,
62,2026-07-13T15:42:46.623052+00:00,sent,,"[KIS][거래알림]
시각=7월 14일 00:42
시장=해외
종목=CRAN
동작=주문거부
가격=$10.2000
수량=-
지표=RSI 46.6, 거래량 5.0x, 분봉 상방
사유=slot_budget_insufficient
주문거부=1건 (slot_budget_insufficient)",1,
63,2026-07-13T15:43:05.280479+00:00,sent,,"[KIS][거래알림]
시각=7월 14일 00:42
시장=해외
종목=CRAN
동작=주문거부
가격=$10.2000
수량=-
지표=RSI 46.6, 거래량 5.0x, 분봉 상방
사유=slot_budget_insufficient
주문거부=1건 (slot_budget_insufficient)",1,
64,2026-07-13T15:43:26.225082+00:00,sent,,"[KIS][거래알림]
시각=7월 14일 00:43
시장=해외
종목=CRAN
동작=주문거부
가격=$10.2000
수량=-
지표=RSI 46.6, 거래량 5.0x, 분봉 상방
사유=slot_budget_insufficient
주문거부=1건 (slot_budget_insufficient)",1,
65,2026-07-13T15:43:53.016934+00:00,sent,,"[KIS][거래알림]
시각=7월 14일 00:43
시장=해외
종목=CRAN
동작=주문거부
가격=$10.2000
수량=-
지표=RSI 46.6, 거래량 5.0x, 분봉 상방
사유=slot_budget_insufficient
주문거부=1건 (slot_budget_insufficient)",1,
66,2026-07-13T15:44:12.285586+00:00,sent,,"[KIS][거래알림]
시각=7월 14일 00:43
시장=해외
종목=CRAN
동작=주문거부
가격=$10.2000
수량=-
지표=RSI 46.6, 거래량 5.0x, 분봉 상방
사유=slot_budget_insufficient
주문거부=1건 (slot_budget_insufficient)",1,
67,2026-07-13T15:44:32.413603+00:00,sent,,"[KIS][거래알림]
시각=7월 14일 00:44
시장=해외
종목=CRAN
동작=주문거부
가격=$10.2000
수량=-
지표=RSI 46.6, 거래량 5.0x, 분봉 상방
사유=slot_budget_insufficient
주문거부=1건 (slot_budget_insufficient)",1,
68,2026-07-13T15:58:46.961551+00:00,sent,,"[KIS][거래알림]
시각=7월 14일 00:58
시장=해외
종목=TCBK
동작=주문거부
가격=$59.2400
수량=-
지표=RSI 61.6, 거래량 7.1x, 분봉 하방
사유=slot_budget_insufficient
주문거부=1건 (slot_budget_insufficient)",1,
69,2026-07-13T15:59:06.206226+00:00,sent,,"[KIS][거래알림]
시각=7월 14일 00:58
시장=해외
종목=TCBK
동작=주문거부
가격=$59.1600
수량=-
지표=RSI 61.6, 거래량 7.1x, 분봉 하방
사유=slot_budget_insufficient
주문거부=1건 (slot_budget_insufficient)",1,
70,2026-07-13T15:59:26.282393+00:00,sent,,"[KIS][거래알림]
시각=7월 14일 00:59
시장=해외
종목=TCBK
동작=주문거부
가격=$59.2400
수량=-
지표=RSI 61.6, 거래량 7.1x, 분봉 하방
사유=slot_budget_insufficient
주문거부=1건 (slot_budget_insufficient)",1,
71,2026-07-13T15:59:52.285615+00:00,sent,,"[KIS][거래알림]
시각=7월 14일 00:59
시장=해외
종목=TCBK
동작=주문거부
가격=$59.2400
수량=-
지표=RSI 61.8, 거래량 7.2x, 분봉 하방
사유=slot_budget_insufficient
주문거부=1건 (slot_budget_insufficient)",1,
72,2026-07-13T16:00:10.178018+00:00,sent,,"[KIS][거래알림]
시각=7월 14일 00:59
시장=해외
종목=TCBK
동작=주문거부
가격=$59.2400
수량=-
지표=RSI 61.8, 거래량 7.2x, 분봉 하방
사유=slot_budget_insufficient
주문거부=1건 (slot_budget_insufficient)",1,
73,2026-07-13T16:00:13.355566+00:00,sent,,"⏰ [자동 relist 알림] 01:00 KST
현재 감시 풀: 11종목
교체: /lab_relist PLTR NVDA AMD ...
유지: 무시",1,
74,2026-07-13T16:00:31.185811+00:00,sent,,"[KIS][거래알림]
시각=7월 14일 01:00
시장=해외
종목=TCBK
동작=주문거부
가격=$59.2400
수량=-
지표=RSI 61.8, 거래량 7.2x, 분봉 하방
사유=slot_budget_insufficient
주문거부=1건 (slot_budget_insufficient)",1,
75,2026-07-13T16:04:06.098065+00:00,sent,,"⚠️ 매매 빈도 낮음
범위=최근 50사이클
매매=0건 비율=0.0%
주요원인=domestic:skip:no_action 50회, overseas:skip:no_overseas_candidate 43회, overseas:skip:slot_budget_insufficient 7회
확인=/lab_status /lab_report compare 2026-07-10",1,
76,2026-07-13T16:04:06.167634+00:00,sent,,"[KIS][거래알림]
시각=7월 14일 01:03
시장=해외
종목=TCBK
동작=주문거부
가격=$59.3200
수량=-
지표=RSI 57.2, 거래량 2.3x, 분봉 하방
사유=slot_budget_insufficient
주문거부=1건 (slot_budget_insufficient)",1,
77,2026-07-13T16:04:26.145371+00:00,sent,,"[KIS][거래알림]
시각=7월 14일 01:04
시장=해외
종목=TCBK
동작=주문거부
가격=$59.3200
수량=-
지표=RSI 57.2, 거래량 2.3x, 분봉 하방
사유=slot_budget_insufficient
주문거부=1건 (slot_budget_insufficient)",1,
78,2026-07-13T16:04:44.794584+00:00,sent,,"[KIS][거래알림]
시각=7월 14일 01:04
시장=해외
종목=TCBK
동작=주문거부
가격=$59.3400
수량=-
지표=RSI 57.2, 거래량 2.3x, 분봉 하방
사유=slot_budget_insufficient
주문거부=1건 (slot_budget_insufficient)",1,
79,2026-07-13T16:07:41.720873+00:00,sent,,"[KIS][TELEGRAM_CONTROL_START]
profile=paper
loop_interval_sec=25
controller_mode=persistent_service
use /lab_help for commands",1,
80,2026-07-13T16:07:58.997784+00:00,sent,,✅ TradingView Scanner 접근 가능 — 해외 동적 풀 활성화,1,
81,2026-07-13T16:25:58.112877+00:00,sent,,"⚠️ 매매 빈도 낮음
범위=최근 50사이클
매매=0건 비율=0.0%
주요원인=domestic:skip:no_action 50회, overseas:skip:no_overseas_candidate 50회
확인=/lab_status /lab_report compare 2026-07-10",1,
82,2026-07-13T16:32:08.607566+00:00,sent,,"[KIS][거래알림]
시각=7월 14일 01:32
건수=1
해외 QFIN(가상) 가상매도 +$12.75 x503 수익률=-3.41% 매수=VWAP+RSI (주도:VWAP) 청산=손절",1,
83,2026-07-13T16:34:27.940643+00:00,sent,,"[KIS][TELEGRAM_CONTROL_START]
profile=paper
loop_interval_sec=25
controller_mode=persistent_service
use /lab_help for commands",1,
84,2026-07-13T16:34:42.094482+00:00,sent,,"[KIS][해외미체결취소]
시각=7월 14일 01:34
동작=자동취소
요청=12건
CRAN 취소요청 x52 원주문=41292 취소주문=0000041921
CRAN 취소요청 x58 원주문=41287 취소주문=0000041922
CRAN 취소요청 x64 원주문=41284 취소주문=0000041923
CRAN 취소요청 x71 원주문=41279 취소주문=0000041925
CRAN 취소요청 x79 원주문=41271 취소주문=0000041926
CRAN 취소요청 x88 원주문=41268 취소주문=0000041928
CRAN 취소요청 x97 원주문=41259 취소주문=0000041929
CRAN 취소요청 x108 원주문=41254 취소주문=0000041930
CRAN 취소요청 x120 원주문=41249 취소주문=0000041932
CRAN 취소요청 x134 원주문=41243 취소주문=0000041933",1,
85,2026-07-13T16:34:43.387222+00:00,sent,,✅ TradingView Scanner 접근 가능 — 해외 동적 풀 활성화,1,
86,2026-07-13T16:44:43.326892+00:00,sent,,"[KIS][해외미체결취소]
시각=7월 14일 01:44
동작=자동취소
요청=12건
CRAN 취소요청 x18 원주문=41331 취소주문=0000042013
CRAN 취소요청 x20 원주문=41327 취소주문=0000042014
CRAN 취소요청 x22 원주문=41323 취소주문=0000042015
CRAN 취소요청 x25 원주문=41319 취소주문=0000042016
CRAN 취소요청 x27 원주문=41315 취소주문=0000042017
CRAN 취소요청 x30 원주문=41312 취소주문=0000042018
CRAN 취소요청 x34 원주문=41310 취소주문=0000042019
CRAN 취소요청 x38 원주문=41307 취소주문=0000042020
CRAN 취소요청 x42 원주문=41299 취소주문=0000042021
CRAN 취소요청 x47 원주문=41297 취소주문=0000042022",1,
87,2026-07-13T16:52:53.630555+00:00,sent,,"⚠️ 매매 빈도 낮음
범위=최근 50사이클
매매=0건 비율=0.0%
주요원인=domestic:skip:no_action 50회, overseas:skip:no_overseas_candidate 50회
확인=/lab_status /lab_report compare 2026-07-10",1,
88,2026-07-13T16:54:35.963819+00:00,sent,,"[KIS][해외미체결취소]
시각=7월 14일 01:54
동작=자동취소
요청=1건
MSEX 취소요청 x522 원주문=40077 취소주문=0000042080",1,
89,2026-07-13T17:08:50.385832+00:00,sent,,"[KIS][거래알림]
시각=7월 14일 02:08
시장=해외
종목=TCBK
동작=주문거부
가격=$59.6700
수량=16
지표=RSI 55.0, 거래량 3.5x, 분봉 상방
사유=pending_buy_order
주문거부=1건 (pending_buy_order)",1,
90,2026-07-13T17:09:22.125221+00:00,sent,,"[KIS][거래알림]
시각=7월 14일 02:09
건수=2
해외 TCBK 매수접수 +$59.66 x20 전략=VWAP+VOL 주도=VWAP
해외 FHB 매수접수 +$28.94 x37 전략=VWAP+VOL 주도=VWAP",1,
91,2026-07-13T17:09:23.070129+00:00,sent,,"[KIS][거래알림]
시각=7월 14일 02:08
시장=해외
종목=TCBK
동작=주문거부
가격=$59.6700
수량=16
지표=RSI 55.0, 거래량 3.6x, 분봉 상방
사유=pending_buy_order
주문거부=1건 (pending_buy_order)",1,
92,2026-07-13T17:09:48.434940+00:00,sent,,"[KIS][거래알림]
시각=7월 14일 02:09
시장=해외
종목=TCBK
동작=주문거부
가격=$59.6700
수량=16
지표=RSI 55.0, 거래량 3.6x, 분봉 상방
사유=pending_buy_order
주문거부=1건 (pending_buy_order)",1,
93,2026-07-13T17:10:14.664378+00:00,sent,,"[KIS][거래알림]
시각=7월 14일 02:09
시장=해외
종목=TCBK
동작=주문거부
가격=$59.6700
수량=16
지표=RSI 55.0, 거래량 3.6x, 분봉 상방
사유=pending_buy_order
주문거부=1건 (pending_buy_order)",1,
94,2026-07-13T17:25:27.281832+00:00,sent,,"[KIS][거래알림]
시각=7월 14일 02:24
시장=해외
종목=CRAN
동작=주문거부
가격=$10.2000
수량=5251
지표=RSI 46.4, 거래량 0.0x, 분봉 상방
사유=시간 만료 청산(수익)
주문거부=1건 (net_profit_below_cost)",1,
95,2026-07-13T17:25:48.351589+00:00,sent,,"[KIS][거래알림]
시각=7월 14일 02:25
시장=해외
종목=CRAN
동작=주문거부
가격=$10.2000
수량=5251
지표=RSI 46.4, 거래량 0.0x, 분봉 상방
사유=시간 만료 청산(수익)
주문거부=1건 (net_profit_below_cost)",1,
96,2026-07-13T17:26:09.345820+00:00,sent,,"[KIS][거래알림]
시각=7월 14일 02:25
시장=해외
종목=CRAN
동작=주문거부
가격=$10.2000
수량=5251
지표=RSI 46.4, 거래량 0.0x, 분봉 상방
사유=시간 만료 청산(수익)
주문거부=1건 (net_profit_below_cost)",1,
97,2026-07-13T17:26:38.379001+00:00,sent,,"[KIS][거래알림]
시각=7월 14일 02:26
시장=해외
종목=CRAN
동작=주문거부
가격=$10.2000
수량=5251
지표=RSI 46.4, 거래량 0.0x, 분봉 상방
사유=시간 만료 청산(수익)
주문거부=1건 (net_profit_below_cost)",1,
98,2026-07-13T17:26:59.427076+00:00,sent,,"[KIS][거래알림]
시각=7월 14일 02:26
시장=해외
종목=CRAN
동작=주문거부
가격=$10.2000
수량=5251
지표=RSI 46.4, 거래량 0.0x, 분봉 상방
사유=시간 만료 청산(수익)
주문거부=1건 (net_profit_below_cost)",1,
99,2026-07-13T17:27:20.413085+00:00,sent,,"[KIS][거래알림]
시각=7월 14일 02:27
시장=해외
종목=CRAN
동작=주문거부
가격=$10.2000
수량=5251
지표=RSI 46.4, 거래량 0.0x, 분봉 상방
사유=시간 만료 청산(수익)
주문거부=1건 (net_profit_below_cost)",1,
100,2026-07-13T17:27:51.666949+00:00,sent,,"[KIS][거래알림]
시각=7월 14일 02:27
시장=해외
종목=CRAN
동작=주문거부
가격=$10.2000
수량=5251
지표=RSI 46.4, 거래량 0.0x, 분봉 상방
사유=시간 만료 청산(수익)
주문거부=1건 (net_profit_below_cost)",1,
101,2026-07-13T17:28:12.842336+00:00,sent,,"[KIS][거래알림]
시각=7월 14일 02:27
시장=해외
종목=CRAN
동작=주문거부
가격=$10.2000
수량=5251
지표=RSI 46.4, 거래량 0.0x, 분봉 상방
사유=시간 만료 청산(수익)
주문거부=1건 (net_profit_below_cost)",1,
102,2026-07-13T17:28:35.177153+00:00,sent,,"[KIS][거래알림]
시각=7월 14일 02:28
시장=해외
종목=CRAN
동작=주문거부
가격=$10.2000
수량=5251
지표=RSI 46.4, 거래량 0.0x, 분봉 상방
사유=시간 만료 청산(수익)
주문거부=1건 (net_profit_below_cost)",1,
103,2026-07-13T17:29:08.709516+00:00,sent,,"[KIS][거래알림]
시각=7월 14일 02:28
시장=해외
종목=CRAN
동작=주문거부
가격=$10.2000
수량=5251
지표=RSI 46.4, 거래량 0.0x, 분봉 상방
사유=시간 만료 청산(수익)
주문거부=1건 (net_profit_below_cost)",1,
104,2026-07-13T17:29:31.063857+00:00,sent,,"[KIS][거래알림]
시각=7월 14일 02:29
시장=해외
종목=CRAN
동작=주문거부
가격=$10.2000
수량=5251
지표=RSI 46.4, 거래량 0.0x, 분봉 상방
사유=시간 만료 청산(수익)
주문거부=1건 (net_profit_below_cost)",1,
105,2026-07-13T17:29:53.059746+00:00,sent,,"[KIS][거래알림]
시각=7월 14일 02:29
시장=해외
종목=CRAN
동작=주문거부
가격=$10.2000
수량=5251
지표=RSI 46.4, 거래량 0.0x, 분봉 상방
사유=시간 만료 청산(수익)
주문거부=1건 (net_profit_below_cost)",1,
106,2026-07-13T17:30:24.604782+00:00,sent,,"[KIS][거래알림]
시각=7월 14일 02:29
시장=해외
종목=CRAN
동작=주문거부
가격=$10.2000
수량=5251
지표=RSI 46.4, 거래량 0.0x, 분봉 상방
사유=시간 만료 청산(수익)
주문거부=1건 (net_profit_below_cost)",1,
107,2026-07-13T17:30:47.246338+00:00,sent,,"[KIS][거래알림]
시각=7월 14일 02:30
시장=해외
종목=CRAN
동작=주문거부
가격=$10.2000
수량=5251
지표=RSI 46.4, 거래량 0.0x, 분봉 상방
사유=시간 만료 청산(수익)
주문거부=1건 (net_profit_below_cost)",1,
108,2026-07-13T17:31:09.185211+00:00,sent,,"[KIS][거래알림]
시각=7월 14일 02:30
시장=해외
종목=CRAN
동작=주문거부
가격=$10.2000
수량=5251
지표=RSI 46.4, 거래량 0.0x, 분봉 상방
사유=시간 만료 청산(수익)
주문거부=1건 (net_profit_below_cost)",1,
109,2026-07-13T17:31:39.712300+00:00,sent,,"[KIS][거래알림]
시각=7월 14일 02:31
시장=해외
종목=CRAN
동작=주문거부
가격=$10.2000
수량=5251
지표=RSI 46.4, 거래량 0.0x, 분봉 상방
사유=시간 만료 청산(수익)
주문거부=1건 (net_profit_below_cost)",1,
110,2026-07-13T17:32:03.549691+00:00,sent,,"[KIS][거래알림]
시각=7월 14일 02:31
시장=해외
종목=CRAN
동작=주문거부
가격=$10.2000
수량=5251
지표=RSI 46.4, 거래량 0.0x, 분봉 상방
사유=시간 만료 청산(수익)
주문거부=1건 (net_profit_below_cost)",1,
111,2026-07-13T17:32:25.459820+00:00,sent,,"[KIS][거래알림]
시각=7월 14일 02:32
시장=해외
종목=CRAN
동작=주문거부
가격=$10.2000
수량=5251
지표=RSI 46.4, 거래량 0.0x, 분봉 상방
사유=시간 만료 청산(수익)
주문거부=1건 (net_profit_below_cost)",1,
112,2026-07-13T17:32:57.004563+00:00,sent,,"[KIS][거래알림]
시각=7월 14일 02:32
시장=해외
종목=CRAN
동작=주문거부
가격=$10.2000
수량=5251
지표=RSI 46.4, 거래량 0.0x, 분봉 상방
사유=시간 만료 청산(수익)
주문거부=1건 (net_profit_below_cost)",1,
113,2026-07-13T17:33:18.383266+00:00,sent,,"[KIS][거래알림]
시각=7월 14일 02:32
시장=해외
종목=CRAN
동작=주문거부
가격=$10.2000
수량=5251
지표=RSI 46.4, 거래량 0.0x, 분봉 상방
사유=시간 만료 청산(수익)
주문거부=1건 (net_profit_below_cost)",1,
114,2026-07-13T17:33:40.439732+00:00,sent,,"[KIS][거래알림]
시각=7월 14일 02:33
시장=해외
종목=CRAN
동작=주문거부
가격=$10.2000
수량=5251
지표=RSI 46.4, 거래량 0.0x, 분봉 상방
사유=시간 만료 청산(수익)
주문거부=1건 (net_profit_below_cost)",1,
115,2026-07-13T17:34:12.166681+00:00,sent,,"[KIS][거래알림]
시각=7월 14일 02:33
시장=해외
종목=CRAN
동작=주문거부
가격=$10.2000
수량=5251
지표=RSI 46.4, 거래량 0.0x, 분봉 상방
사유=시간 만료 청산(수익)
주문거부=1건 (net_profit_below_cost)",1,
116,2026-07-13T17:34:33.367648+00:00,sent,,"[KIS][거래알림]
시각=7월 14일 02:34
시장=해외
종목=CRAN
동작=주문거부
가격=$10.2000
수량=5251
지표=RSI 46.4, 거래량 0.0x, 분봉 상방
사유=시간 만료 청산(수익)
주문거부=1건 (net_profit_below_cost)",1,
117,2026-07-13T17:35:12.191817+00:00,sent,,"[KIS][거래알림]
시각=7월 14일 02:34
시장=해외
종목=CRAN
동작=주문거부
가격=$10.2000
수량=5251
지표=RSI 46.4, 거래량 0.0x, 분봉 상방
사유=시간 만료 청산(수익)
주문거부=1건 (net_profit_below_cost)",1,
118,2026-07-13T17:35:34.737414+00:00,sent,,"[KIS][거래알림]
시각=7월 14일 02:35
시장=해외
종목=CRAN
동작=주문거부
가격=$10.2000
수량=5251
지표=RSI 46.4, 거래량 0.0x, 분봉 상방
사유=시간 만료 청산(수익)
주문거부=1건 (net_profit_below_cost)",1,
119,2026-07-13T17:35:56.766253+00:00,sent,,"[KIS][거래알림]
시각=7월 14일 02:35
시장=해외
종목=CRAN
동작=주문거부
가격=$10.2000
수량=5251
지표=RSI 46.4, 거래량 0.0x, 분봉 상방
사유=시간 만료 청산(수익)
주문거부=1건 (net_profit_below_cost)",1,
120,2026-07-13T17:36:31.309884+00:00,sent,,"[KIS][거래알림]
시각=7월 14일 02:35
시장=해외
종목=CRAN
동작=주문거부
가격=$10.2000
수량=5251
지표=RSI 46.4, 거래량 0.0x, 분봉 상방
사유=시간 만료 청산(수익)
주문거부=1건 (net_profit_below_cost)",1,
121,2026-07-13T17:36:56.446825+00:00,sent,,"[KIS][거래알림]
시각=7월 14일 02:36
시장=해외
종목=CRAN
동작=주문거부
가격=$10.2000
수량=5251
지표=RSI 46.4, 거래량 0.0x, 분봉 상방
사유=시간 만료 청산(수익)
주문거부=1건 (net_profit_below_cost)",1,
122,2026-07-13T17:37:21.429393+00:00,sent,,"[KIS][거래알림]
시각=7월 14일 02:36
시장=해외
종목=CRAN
동작=주문거부
가격=$10.2000
수량=5251
지표=RSI 46.4, 거래량 0.0x, 분봉 상방
사유=시간 만료 청산(수익)
주문거부=1건 (net_profit_below_cost)",1,
123,2026-07-13T17:37:55.086756+00:00,sent,,"[KIS][거래알림]
시각=7월 14일 02:37
시장=해외
종목=CRAN
동작=주문거부
가격=$10.2000
수량=5251
지표=RSI 46.4, 거래량 0.0x, 분봉 상방
사유=시간 만료 청산(수익)
주문거부=1건 (net_profit_below_cost)",1,
124,2026-07-13T17:38:19.747111+00:00,sent,,"[KIS][거래알림]
시각=7월 14일 02:37
시장=해외
종목=CRAN
동작=주문거부
가격=$10.2000
수량=5251
지표=RSI 46.4, 거래량 0.0x, 분봉 상방
사유=시간 만료 청산(수익)
주문거부=1건 (net_profit_below_cost)",1,
125,2026-07-13T17:38:54.138659+00:00,sent,,"[KIS][거래알림]
시각=7월 14일 02:38
시장=해외
종목=CRAN
동작=주문거부
가격=$10.2000
수량=5251
지표=RSI 46.4, 거래량 0.0x, 분봉 상방
사유=시간 만료 청산(수익)
주문거부=1건 (net_profit_below_cost)",1,
126,2026-07-13T17:39:18.769092+00:00,sent,,"[KIS][거래알림]
시각=7월 14일 02:38
시장=해외
종목=CRAN
동작=주문거부
가격=$10.2000
수량=5251
지표=RSI 46.4, 거래량 0.0x, 분봉 상방
사유=시간 만료 청산(수익)
주문거부=1건 (net_profit_below_cost)",1,
127,2026-07-13T17:39:43.837288+00:00,sent,,"[KIS][거래알림]
시각=7월 14일 02:39
시장=해외
종목=CRAN
동작=주문거부
가격=$10.2000
수량=5251
지표=RSI 46.4, 거래량 0.0x, 분봉 상방
사유=시간 만료 청산(수익)
주문거부=1건 (net_profit_below_cost)",1,
128,2026-07-13T17:40:18.249604+00:00,sent,,"[KIS][거래알림]
시각=7월 14일 02:39
시장=해외
종목=CRAN
동작=주문거부
가격=$10.2000
수량=5251
지표=RSI 46.4, 거래량 0.0x, 분봉 상방
사유=시간 만료 청산(수익)
주문거부=1건 (net_profit_below_cost)",1,
129,2026-07-13T17:40:42.865642+00:00,sent,,"[KIS][거래알림]
시각=7월 14일 02:40
시장=해외
종목=CRAN
동작=주문거부
가격=$10.2000
수량=5251
지표=RSI 46.4, 거래량 0.0x, 분봉 상방
사유=시간 만료 청산(수익)
주문거부=1건 (net_profit_below_cost)",1,
130,2026-07-13T17:41:07.909868+00:00,sent,,"[KIS][거래알림]
시각=7월 14일 02:40
시장=해외
종목=CRAN
동작=주문거부
가격=$10.2000
수량=5251
지표=RSI 46.4, 거래량 0.0x, 분봉 상방
사유=시간 만료 청산(수익)
주문거부=1건 (net_profit_below_cost)",1,
131,2026-07-13T17:41:42.526442+00:00,sent,,"[KIS][거래알림]
시각=7월 14일 02:41
시장=해외
종목=CRAN
동작=주문거부
가격=$10.2000
수량=5251
지표=RSI 46.4, 거래량 0.0x, 분봉 상방
사유=시간 만료 청산(수익)
주문거부=1건 (net_profit_below_cost)",1,
132,2026-07-13T17:42:07.011901+00:00,sent,,"[KIS][거래알림]
시각=7월 14일 02:41
시장=해외
종목=CRAN
동작=주문거부
가격=$10.2000
수량=5251
지표=RSI 46.4, 거래량 0.0x, 분봉 상방
사유=시간 만료 청산(수익)
주문거부=1건 (net_profit_below_cost)",1,
133,2026-07-13T17:42:32.160671+00:00,sent,,"[KIS][거래알림]
시각=7월 14일 02:42
시장=해외
종목=CRAN
동작=주문거부
가격=$10.2000
수량=5251
지표=RSI 46.4, 거래량 0.0x, 분봉 상방
사유=시간 만료 청산(수익)
주문거부=1건 (net_profit_below_cost)",1,
134,2026-07-13T17:43:06.662769+00:00,sent,,"[KIS][거래알림]
시각=7월 14일 02:42
시장=해외
종목=CRAN
동작=주문거부
가격=$10.2000
수량=5251
지표=RSI 46.4, 거래량 0.0x, 분봉 상방
사유=시간 만료 청산(수익)
주문거부=1건 (net_profit_below_cost)",1,
135,2026-07-13T17:43:30.200294+00:00,sent,,"[KIS][거래알림]
시각=7월 14일 02:43
시장=해외
종목=CRAN
동작=주문거부
가격=$10.2000
수량=5251
지표=RSI 46.4, 거래량 0.0x, 분봉 상방
사유=시간 만료 청산(수익)
주문거부=1건 (net_profit_below_cost)",1,
136,2026-07-13T17:43:54.104920+00:00,sent,,"[KIS][거래알림]
시각=7월 14일 02:43
시장=해외
종목=CRAN
동작=주문거부
가격=$10.2000
수량=5251
지표=RSI 46.4, 거래량 0.0x, 분봉 상방
사유=시간 만료 청산(수익)
주문거부=1건 (net_profit_below_cost)",1,
137,2026-07-13T17:44:29.210221+00:00,sent,,"[KIS][거래알림]
시각=7월 14일 02:43
시장=해외
종목=CRAN
동작=주문거부
가격=$10.2000
수량=5251
지표=RSI 46.4, 거래량 0.0x, 분봉 상방
사유=시간 만료 청산(수익)
주문거부=1건 (net_profit_below_cost)",1,
138,2026-07-13T17:44:56.848971+00:00,sent,,"[KIS][거래알림]
시각=7월 14일 02:44
시장=해외
종목=CRAN
동작=주문거부
가격=$10.2000
수량=5251
지표=RSI 46.4, 거래량 0.0x, 분봉 상방
사유=시간 만료 청산(수익)
주문거부=1건 (net_profit_below_cost)",1,
139,2026-07-13T17:45:32.960315+00:00,sent,,"[KIS][거래알림]
시각=7월 14일 02:44
시장=해외
종목=CRAN
동작=주문거부
가격=$10.2000
수량=5251
지표=RSI 46.4, 거래량 0.0x, 분봉 상방
사유=시간 만료 청산(수익)
주문거부=1건 (net_profit_below_cost)",1,
140,2026-07-13T17:45:57.389538+00:00,sent,,"[KIS][거래알림]
시각=7월 14일 02:45
시장=해외
종목=CRAN
동작=주문거부
가격=$10.2000
수량=5251
지표=RSI 46.4, 거래량 0.0x, 분봉 상방
사유=시간 만료 청산(수익)
주문거부=1건 (net_profit_below_cost)",1,
141,2026-07-13T17:46:21.323518+00:00,sent,,"[KIS][거래알림]
시각=7월 14일 02:45
시장=해외
종목=CRAN
동작=주문거부
가격=$10.2000
수량=5251
지표=RSI 46.4, 거래량 0.0x, 분봉 상방
사유=시간 만료 청산(수익)
주문거부=1건 (net_profit_below_cost)",1,
142,2026-07-13T17:46:57.157356+00:00,sent,,"[KIS][거래알림]
시각=7월 14일 02:46
시장=해외
종목=CRAN
동작=주문거부
가격=$10.2000
수량=5251
지표=RSI 46.4, 거래량 0.0x, 분봉 상방
사유=시간 만료 청산(수익)
주문거부=1건 (net_profit_below_cost)",1,
143,2026-07-13T17:47:22.449827+00:00,sent,,"[KIS][거래알림]
시각=7월 14일 02:46
시장=해외
종목=CRAN
동작=주문거부
가격=$10.2000
수량=5251
지표=RSI 46.4, 거래량 0.0x, 분봉 상방
사유=시간 만료 청산(수익)
주문거부=1건 (net_profit_below_cost)",1,
144,2026-07-13T17:47:47.608693+00:00,sent,,"[KIS][거래알림]
시각=7월 14일 02:47
시장=해외
종목=CRAN
동작=주문거부
가격=$10.2000
수량=5251
지표=RSI 46.4, 거래량 0.0x, 분봉 상방
사유=시간 만료 청산(수익)
주문거부=1건 (net_profit_below_cost)",1,
145,2026-07-13T17:48:22.118257+00:00,sent,,"[KIS][거래알림]
시각=7월 14일 02:47
시장=해외
종목=CRAN
동작=주문거부
가격=$10.2000
수량=5251
지표=RSI 46.4, 거래량 0.0x, 분봉 상방
사유=시간 만료 청산(수익)
주문거부=1건 (net_profit_below_cost)",1,
146,2026-07-13T17:48:47.462104+00:00,sent,,"[KIS][거래알림]
시각=7월 14일 02:48
시장=해외
종목=CRAN
동작=주문거부
가격=$10.2000
수량=5251
지표=RSI 46.4, 거래량 0.0x, 분봉 상방
사유=시간 만료 청산(수익)
주문거부=1건 (net_profit_below_cost)",1,
147,2026-07-13T17:49:12.453170+00:00,sent,,"[KIS][거래알림]
시각=7월 14일 02:48
시장=해외
종목=CRAN
동작=주문거부
가격=$10.2000
수량=5251
지표=RSI 46.4, 거래량 0.0x, 분봉 상방
사유=시간 만료 청산(수익)
주문거부=1건 (net_profit_below_cost)",1,
148,2026-07-13T17:49:45.913413+00:00,sent,,"[KIS][거래알림]
시각=7월 14일 02:49
시장=해외
종목=CRAN
동작=주문거부
가격=$10.2000
수량=5251
지표=RSI 46.4, 거래량 0.0x, 분봉 상방
사유=시간 만료 청산(수익)
주문거부=1건 (net_profit_below_cost)",1,
149,2026-07-13T17:50:12.216680+00:00,sent,,"[KIS][거래알림]
시각=7월 14일 02:49
시장=해외
종목=CRAN
동작=주문거부
가격=$10.2000
수량=5251
지표=RSI 46.4, 거래량 0.0x, 분봉 상방
사유=시간 만료 청산(수익)
주문거부=1건 (net_profit_below_cost)",1,
150,2026-07-13T17:50:47.241245+00:00,sent,,"[KIS][거래알림]
시각=7월 14일 02:50
시장=해외
종목=CRAN
동작=주문거부
가격=$10.2000
수량=5251
지표=RSI 46.4, 거래량 0.0x, 분봉 상방
사유=시간 만료 청산(수익)
주문거부=1건 (net_profit_below_cost)",1,
151,2026-07-13T17:51:16.609353+00:00,sent,,"[KIS][거래알림]
시각=7월 14일 02:50
시장=해외
종목=CRAN
동작=주문거부
가격=$10.2000
수량=5251
지표=RSI 46.4, 거래량 0.0x, 분봉 상방
사유=시간 만료 청산(수익)
주문거부=1건 (net_profit_below_cost)",1,
152,2026-07-13T17:51:50.338126+00:00,sent,,"[KIS][거래알림]
시각=7월 14일 02:51
시장=해외
종목=CRAN
동작=주문거부
가격=$10.2000
수량=5251
지표=RSI 46.4, 거래량 0.0x, 분봉 상방
사유=시간 만료 청산(수익)
주문거부=1건 (net_profit_below_cost)",1,
153,2026-07-13T17:52:18.618751+00:00,sent,,"[KIS][거래알림]
시각=7월 14일 02:51
시장=해외
종목=CRAN
동작=주문거부
가격=$10.2000
수량=5251
지표=RSI 46.4, 거래량 0.0x, 분봉 상방
사유=시간 만료 청산(수익)
주문거부=1건 (net_profit_below_cost)",1,
154,2026-07-13T17:52:52.216791+00:00,sent,,"[KIS][거래알림]
시각=7월 14일 02:52
시장=해외
종목=CRAN
동작=주문거부
가격=$10.2000
수량=5251
지표=RSI 46.4, 거래량 0.0x, 분봉 상방
사유=시간 만료 청산(수익)
주문거부=1건 (net_profit_below_cost)",1,
155,2026-07-13T17:53:19.667403+00:00,sent,,"[KIS][거래알림]
시각=7월 14일 02:52
시장=해외
종목=CRAN
동작=주문거부
가격=$10.2000
수량=5251
지표=RSI 46.4, 거래량 0.0x, 분봉 상방
사유=시간 만료 청산(수익)
주문거부=1건 (net_profit_below_cost)",1,
156,2026-07-13T17:53:45.418159+00:00,sent,,"[KIS][거래알림]
시각=7월 14일 02:53
시장=해외
종목=CRAN
동작=주문거부
가격=$10.2000
수량=5251
지표=RSI 46.4, 거래량 0.0x, 분봉 상방
사유=시간 만료 청산(수익)
주문거부=1건 (net_profit_below_cost)",1,
157,2026-07-13T17:54:15.628066+00:00,sent,,"[KIS][거래알림]
시각=7월 14일 02:53
시장=해외
종목=CRAN
동작=주문거부
가격=$10.2000
수량=5251
지표=RSI 46.4, 거래량 0.0x, 분봉 상방
사유=시간 만료 청산(수익)
주문거부=1건 (net_profit_below_cost)",1,
158,2026-07-13T17:54:45.200675+00:00,sent,,"[KIS][거래알림]
시각=7월 14일 02:54
시장=해외
종목=CRAN
동작=주문거부
가격=$10.2000
수량=5251
지표=RSI 46.4, 거래량 0.0x, 분봉 상방
사유=시간 만료 청산(수익)
주문거부=1건 (net_profit_below_cost)",1,
159,2026-07-13T17:55:18.236820+00:00,sent,,"[KIS][거래알림]
시각=7월 14일 02:54
시장=해외
종목=CRAN
동작=주문거부
가격=$10.2000
수량=5251
지표=RSI 46.4, 거래량 0.0x, 분봉 상방
사유=시간 만료 청산(수익)
주문거부=1건 (net_profit_below_cost)",1,
160,2026-07-13T17:55:44.779795+00:00,sent,,"[KIS][거래알림]
시각=7월 14일 02:55
시장=해외
종목=CRAN
동작=주문거부
가격=$10.2000
수량=5251
지표=RSI 46.4, 거래량 0.0x, 분봉 상방
사유=시간 만료 청산(수익)
주문거부=1건 (net_profit_below_cost)",1,
161,2026-07-13T17:56:08.899946+00:00,sent,,"[KIS][거래알림]
시각=7월 14일 02:55
시장=해외
종목=CRAN
동작=주문거부
가격=$10.2000
수량=5251
지표=RSI 46.4, 거래량 0.0x, 분봉 상방
사유=시간 만료 청산(수익)
주문거부=1건 (net_profit_below_cost)",1,
162,2026-07-13T17:56:41.215932+00:00,sent,,"[KIS][거래알림]
시각=7월 14일 02:56
시장=해외
종목=CRAN
동작=주문거부
가격=$10.2000
수량=5251
지표=RSI 46.4, 거래량 0.0x, 분봉 상방
사유=시간 만료 청산(수익)
주문거부=1건 (net_profit_below_cost)",1,
163,2026-07-13T17:57:06.246080+00:00,sent,,"[KIS][거래알림]
시각=7월 14일 02:56
시장=해외
종목=CRAN
동작=주문거부
가격=$10.2000
수량=5251
지표=RSI 46.4, 거래량 0.0x, 분봉 상방
사유=시간 만료 청산(수익)
주문거부=1건 (net_profit_below_cost)",1,
164,2026-07-13T17:57:32.336371+00:00,sent,,"[KIS][거래알림]
시각=7월 14일 02:57
시장=해외
종목=CRAN
동작=주문거부
가격=$10.2000
수량=5251
지표=RSI 46.4, 거래량 0.0x, 분봉 상방
사유=시간 만료 청산(수익)
주문거부=1건 (net_profit_below_cost)",1,
165,2026-07-13T17:58:10.645281+00:00,sent,,"[KIS][거래알림]
시각=7월 14일 02:57
시장=해외
종목=CRAN
동작=주문거부
가격=$10.2000
수량=5251
지표=RSI 46.4, 거래량 0.0x, 분봉 상방
사유=시간 만료 청산(수익)
주문거부=1건 (net_profit_below_cost)",1,
166,2026-07-13T17:58:36.212589+00:00,sent,,"[KIS][거래알림]
시각=7월 14일 02:58
시장=해외
종목=CRAN
동작=주문거부
가격=$10.2000
수량=5251
지표=RSI 46.4, 거래량 0.0x, 분봉 상방
사유=시간 만료 청산(수익)
주문거부=3건 (net_profit_below_cost)",1,
167,2026-07-13T17:59:17.246049+00:00,sent,,"[KIS][거래알림]
시각=7월 14일 02:58
시장=해외
종목=FHB
동작=추가미실행
미실행=2건 (net_profit_below_cost)",1,
168,2026-07-13T17:59:42.351671+00:00,sent,,"[KIS][거래알림]
시각=7월 14일 02:59
시장=해외
종목=CRAN
동작=주문거부
가격=$10.2000
수량=5251
지표=RSI 46.4, 거래량 0.0x, 분봉 상방
사유=시간 만료 청산(수익)
주문거부=2건 (net_profit_below_cost)",1,
169,2026-07-13T18:00:18.376563+00:00,sent,,"[KIS][거래알림]
시각=7월 14일 03:00
건수=1
해외 FHB 매도접수 +$28.91 x37 수익률=-0.02% 매수=VWAP+VOL (주도:VWAP) 청산=시간 만료 청산(손실) 주문=공격지정가",1,
170,2026-07-13T18:00:19.388383+00:00,sent,,"[KIS][거래알림]
시각=7월 14일 02:59
시장=해외
종목=CRAN
동작=주문거부
가격=$10.2000
수량=5251
지표=RSI 46.4, 거래량 0.0x, 분봉 상방
사유=시간 만료 청산(수익)
주문거부=1건 (net_profit_below_cost)",1,
171,2026-07-13T18:00:44.372063+00:00,sent,,"[KIS][거래알림]
시각=7월 14일 03:00
시장=해외
종목=CRAN
동작=주문거부
가격=$10.2000
수량=5251
지표=RSI 46.4, 거래량 0.0x, 분봉 상방
사유=시간 만료 청산(수익)
주문거부=1건 (net_profit_below_cost)",1,
172,2026-07-13T18:01:24.038438+00:00,sent,,"[KIS][거래알림]
시각=7월 14일 03:00
시장=해외
종목=CRAN
동작=주문거부
가격=$10.2000
수량=5251
지표=RSI 46.4, 거래량 0.0x, 분봉 상방
사유=시간 만료 청산(수익)
주문거부=2건 (net_profit_below_cost)",1,
173,2026-07-13T18:01:50.624459+00:00,sent,,"[KIS][거래알림]
시각=7월 14일 03:01
시장=해외
종목=CRAN
동작=주문거부
가격=$10.2000
수량=5251
지표=RSI 46.4, 거래량 0.0x, 분봉 상방
사유=시간 만료 청산(수익)
주문거부=2건 (net_profit_below_cost)",1,
174,2026-07-13T18:02:27.757982+00:00,sent,,"[KIS][거래알림]
시각=7월 14일 03:01
시장=해외
종목=CRAN
동작=주문거부
가격=$10.2000
수량=5251
지표=RSI 46.4, 거래량 0.0x, 분봉 상방
사유=시간 만료 청산(수익)
주문거부=1건 (net_profit_below_cost)",1,
175,2026-07-13T18:02:52.501882+00:00,sent,,"[KIS][거래알림]
시각=7월 14일 03:02
시장=해외
종목=CRAN
동작=주문거부
가격=$10.2000
수량=5251
지표=RSI 46.4, 거래량 0.0x, 분봉 상방
사유=시간 만료 청산(수익)
주문거부=1건 (net_profit_below_cost)",1,
176,2026-07-13T18:03:29.712830+00:00,sent,,"[KIS][거래알림]
시각=7월 14일 03:02
시장=해외
종목=CRAN
동작=주문거부
가격=$10.2000
수량=5251
지표=RSI 46.4, 거래량 0.0x, 분봉 상방
사유=시간 만료 청산(수익)
주문거부=1건 (net_profit_below_cost)",1,
177,2026-07-13T18:03:54.626790+00:00,sent,,"[KIS][거래알림]
시각=7월 14일 03:03
시장=해외
종목=CRAN
동작=주문거부
가격=$10.2000
수량=5251
지표=RSI 46.4, 거래량 0.0x, 분봉 상방
사유=시간 만료 청산(수익)
주문거부=1건 (net_profit_below_cost)",1,
178,2026-07-13T18:04:22.820741+00:00,sent,,"[KIS][거래알림]
시각=7월 14일 03:03
시장=해외
종목=CRAN
동작=주문거부
가격=$10.2000
수량=5251
지표=RSI 46.4, 거래량 0.0x, 분봉 상방
사유=시간 만료 청산(수익)
주문거부=1건 (net_profit_below_cost)",1,
179,2026-07-13T18:04:54.535935+00:00,sent,,"[KIS][거래알림]
시각=7월 14일 03:04
시장=해외
종목=CRAN
동작=주문거부
가격=$10.2000
수량=5251
지표=RSI 46.4, 거래량 0.0x, 분봉 상방
사유=시간 만료 청산(수익)
주문거부=1건 (net_profit_below_cost)",1,
180,2026-07-13T18:05:24.796198+00:00,sent,,"[KIS][거래알림]
시각=7월 14일 03:04
시장=해외
종목=CRAN
동작=주문거부
가격=$10.2000
수량=5251
지표=RSI 46.4, 거래량 0.0x, 분봉 상방
사유=시간 만료 청산(수익)
주문거부=1건 (net_profit_below_cost)",1,
181,2026-07-13T18:05:59.354149+00:00,sent,,"[KIS][거래알림]
시각=7월 14일 03:05
시장=해외
종목=TCBK
동작=추가미실행
미실행=1건 (net_profit_below_cost)",1,
182,2026-07-13T18:06:29.867255+00:00,sent,,"[KIS][거래알림]
시각=7월 14일 03:05
시장=해외
종목=CRAN
동작=주문거부
가격=$10.2000
수량=5251
지표=RSI 46.4, 거래량 0.0x, 분봉 상방
사유=시간 만료 청산(수익)
주문거부=1건 (net_profit_below_cost)",1,
183,2026-07-13T18:07:01.796468+00:00,sent,,"[KIS][거래알림]
시각=7월 14일 03:07
건수=1
해외 TCBK 매도접수 +$59.60 x20 수익률=-0.08% 매수=VWAP+VOL (주도:VWAP) 청산=시간 만료 청산(손실) 주문=공격지정가",1,
184,2026-07-13T18:07:02.829381+00:00,sent,,"[KIS][거래알림]
시각=7월 14일 03:06
시장=해외
종목=CRAN
동작=주문거부
가격=$10.2000
수량=5251
지표=RSI 46.4, 거래량 0.0x, 분봉 상방
사유=시간 만료 청산(수익)
주문거부=1건 (net_profit_below_cost)",1,
185,2026-07-13T18:07:31.834584+00:00,sent,,"[KIS][거래알림]
시각=7월 14일 03:07
시장=해외
종목=CRAN
동작=주문거부
가격=$10.2000
수량=5251
지표=RSI 46.4, 거래량 0.0x, 분봉 상방
사유=시간 만료 청산(수익)
주문거부=1건 (net_profit_below_cost)",1,
186,2026-07-13T18:07:59.693380+00:00,sent,,"[KIS][거래알림]
시각=7월 14일 03:07
시장=해외
종목=CRAN
동작=주문거부
가격=$10.2000
수량=5251
지표=RSI 46.4, 거래량 0.0x, 분봉 상방
사유=시간 만료 청산(수익)
주문거부=1건 (net_profit_below_cost)",1,
187,2026-07-13T18:08:26.315883+00:00,sent,,"[KIS][거래알림]
시각=7월 14일 03:08
시장=해외
종목=CRAN
동작=주문거부
가격=$10.2000
수량=5251
지표=RSI 46.4, 거래량 0.0x, 분봉 상방
사유=시간 만료 청산(수익)
주문거부=1건 (net_profit_below_cost)",1,
188,2026-07-13T18:09:02.405913+00:00,sent,,"[KIS][거래알림]
시각=7월 14일 03:08
시장=해외
종목=CRAN
동작=주문거부
가격=$10.2000
수량=5251
지표=RSI 46.4, 거래량 0.0x, 분봉 상방
사유=시간 만료 청산(수익)
주문거부=1건 (net_profit_below_cost)",1,
189,2026-07-13T18:09:29.265846+00:00,sent,,"[KIS][거래알림]
시각=7월 14일 03:09
시장=해외
종목=CRAN
동작=주문거부
가격=$10.2000
수량=5251
지표=RSI 46.4, 거래량 0.0x, 분봉 상방
사유=시간 만료 청산(수익)
주문거부=1건 (net_profit_below_cost)",1,
190,2026-07-13T18:10:02.272834+00:00,sent,,"[KIS][거래알림]
시각=7월 14일 03:09
시장=해외
종목=CRAN
동작=주문거부
가격=$10.2000
수량=5251
지표=RSI 46.4, 거래량 0.0x, 분봉 상방
사유=시간 만료 청산(수익)
주문거부=1건 (net_profit_below_cost)",1,
191,2026-07-13T18:10:29.758985+00:00,sent,,"[KIS][거래알림]
시각=7월 14일 03:10
시장=해외
종목=CRAN
동작=주문거부
가격=$10.2000
수량=5251
지표=RSI 46.4, 거래량 0.0x, 분봉 상방
사유=시간 만료 청산(수익)
주문거부=1건 (net_profit_below_cost)",1,
192,2026-07-13T18:11:05.810032+00:00,sent,,"[KIS][거래알림]
시각=7월 14일 03:10
시장=해외
종목=CRAN
동작=주문거부
가격=$10.2000
수량=5251
지표=RSI 46.4, 거래량 0.0x, 분봉 상방
사유=시간 만료 청산(수익)
주문거부=1건 (net_profit_below_cost)",1,
193,2026-07-13T18:11:32.748204+00:00,sent,,"[KIS][거래알림]
시각=7월 14일 03:11
시장=해외
종목=CRAN
동작=주문거부
가격=$10.2000
수량=5251
지표=RSI 46.4, 거래량 0.0x, 분봉 상방
사유=시간 만료 청산(수익)
주문거부=1건 (net_profit_below_cost)",1,
194,2026-07-13T18:12:07.833803+00:00,sent,,"[KIS][거래알림]
시각=7월 14일 03:11
시장=해외
종목=CRAN
동작=주문거부
가격=$10.2000
수량=5251
지표=RSI 46.4, 거래량 0.0x, 분봉 상방
사유=시간 만료 청산(수익)
주문거부=1건 (net_profit_below_cost)",1,
195,2026-07-13T18:12:34.684145+00:00,sent,,"[KIS][거래알림]
시각=7월 14일 03:12
시장=해외
종목=CRAN
동작=주문거부
가격=$10.2000
수량=5251
지표=RSI 46.4, 거래량 0.0x, 분봉 상방
사유=시간 만료 청산(수익)
주문거부=1건 (net_profit_below_cost)",1,
196,2026-07-13T18:12:58.111271+00:00,sent,,"[KIS][거래알림]
시각=7월 14일 03:12
시장=해외
종목=CRAN
동작=주문거부
가격=$10.2000
수량=5251
지표=RSI 46.4, 거래량 0.0x, 분봉 상방
사유=시간 만료 청산(수익)
주문거부=1건 (net_profit_below_cost)",1,
197,2026-07-13T18:13:33.078194+00:00,sent,,"[KIS][거래알림]
시각=7월 14일 03:12
시장=해외
종목=CRAN
동작=주문거부
가격=$10.2000
수량=5251
지표=RSI 46.4, 거래량 0.0x, 분봉 상방
사유=시간 만료 청산(수익)
주문거부=1건 (net_profit_below_cost)",1,
198,2026-07-13T18:14:01.189821+00:00,sent,,"[KIS][거래알림]
시각=7월 14일 03:13
시장=해외
종목=CRAN
동작=주문거부
가격=$10.2000
수량=5251
지표=RSI 46.4, 거래량 0.0x, 분봉 상방
사유=시간 만료 청산(수익)
주문거부=1건 (net_profit_below_cost)",1,
199,2026-07-13T18:14:35.981568+00:00,sent,,"[KIS][거래알림]
시각=7월 14일 03:14
시장=해외
종목=CRAN
동작=주문거부
가격=$10.2000
수량=5251
지표=RSI 46.4, 거래량 0.0x, 분봉 상방
사유=시간 만료 청산(수익)
주문거부=1건 (net_profit_below_cost)",1,
200,2026-07-13T18:15:06.812844+00:00,sent,,"[KIS][거래알림]
시각=7월 14일 03:14
시장=해외
종목=CRAN
동작=주문거부
가격=$10.2000
수량=5251
지표=RSI 46.4, 거래량 0.0x, 분봉 상방
사유=시간 만료 청산(수익)
주문거부=1건 (net_profit_below_cost)",1,
201,2026-07-13T18:15:41.183968+00:00,sent,,"[KIS][거래알림]
시각=7월 14일 03:15
시장=해외
종목=CRAN
동작=주문거부
가격=$10.2000
수량=5251
지표=RSI 46.4, 거래량 0.0x, 분봉 상방
사유=시간 만료 청산(수익)
주문거부=1건 (net_profit_below_cost)",1,
202,2026-07-13T18:16:11.413774+00:00,sent,,"[KIS][거래알림]
시각=7월 14일 03:15
시장=해외
종목=CRAN
동작=주문거부
가격=$10.2000
수량=5251
지표=RSI 46.4, 거래량 0.0x, 분봉 상방
사유=시간 만료 청산(수익)
주문거부=1건 (net_profit_below_cost)",1,
203,2026-07-13T18:16:45.274620+00:00,sent,,"[KIS][거래알림]
시각=7월 14일 03:16
시장=해외
종목=CRAN
동작=주문거부
가격=$10.2000
수량=5251
지표=RSI 46.4, 거래량 0.0x, 분봉 상방
사유=시간 만료 청산(수익)
주문거부=1건 (net_profit_below_cost)",1,
204,2026-07-13T18:17:16.266168+00:00,sent,,"[KIS][거래알림]
시각=7월 14일 03:16
시장=해외
종목=CRAN
동작=주문거부
가격=$10.2000
수량=5251
지표=RSI 46.4, 거래량 0.0x, 분봉 상방
사유=시간 만료 청산(수익)
주문거부=1건 (net_profit_below_cost)",1,
205,2026-07-13T18:17:50.121814+00:00,sent,,"[KIS][거래알림]
시각=7월 14일 03:17
시장=해외
종목=CRAN
동작=주문거부
가격=$10.2000
수량=5251
지표=RSI 46.4, 거래량 0.0x, 분봉 상방
사유=시간 만료 청산(수익)
주문거부=1건 (net_profit_below_cost)",1,
206,2026-07-13T18:18:21.310820+00:00,sent,,"[KIS][거래알림]
시각=7월 14일 03:17
시장=해외
종목=CRAN
동작=주문거부
가격=$10.2000
수량=5251
지표=RSI 46.4, 거래량 0.0x, 분봉 상방
사유=시간 만료 청산(수익)
주문거부=1건 (net_profit_below_cost)",1,
207,2026-07-13T18:18:57.716546+00:00,sent,,"[KIS][거래알림]
시각=7월 14일 03:18
시장=해외
종목=CRAN
동작=주문거부
가격=$10.2000
수량=5251
지표=RSI 46.4, 거래량 0.0x, 분봉 상방
사유=시간 만료 청산(수익)
주문거부=1건 (net_profit_below_cost)",1,
208,2026-07-13T18:19:28.399516+00:00,sent,,"[KIS][거래알림]
시각=7월 14일 03:18
시장=해외
종목=CRAN
동작=주문거부
가격=$10.2000
수량=5251
지표=RSI 46.4, 거래량 0.0x, 분봉 상방
사유=시간 만료 청산(수익)
주문거부=1건 (net_profit_below_cost)",1,
209,2026-07-13T18:20:03.687394+00:00,sent,,"[KIS][거래알림]
시각=7월 14일 03:19
시장=해외
종목=CRAN
동작=주문거부
가격=$10.2000
수량=5251
지표=RSI 46.4, 거래량 0.0x, 분봉 상방
사유=시간 만료 청산(수익)
주문거부=1건 (net_profit_below_cost)",1,
210,2026-07-13T18:20:35.645387+00:00,sent,,"[KIS][거래알림]
시각=7월 14일 03:20
시장=해외
종목=CRAN
동작=주문거부
가격=$10.2000
수량=5251
지표=RSI 46.4, 거래량 0.0x, 분봉 상방
사유=시간 만료 청산(수익)
주문거부=1건 (net_profit_below_cost)",1,
211,2026-07-13T18:21:10.719753+00:00,sent,,"[KIS][거래알림]
시각=7월 14일 03:20
시장=해외
종목=CRAN
동작=주문거부
가격=$10.2000
수량=5251
지표=RSI 46.4, 거래량 0.0x, 분봉 상방
사유=시간 만료 청산(수익)
주문거부=1건 (net_profit_below_cost)",1,
212,2026-07-13T18:21:42.650132+00:00,sent,,"[KIS][거래알림]
시각=7월 14일 03:21
시장=해외
종목=CRAN
동작=주문거부
가격=$10.2000
수량=5251
지표=RSI 46.4, 거래량 0.0x, 분봉 상방
사유=시간 만료 청산(수익)
주문거부=1건 (net_profit_below_cost)",1,
213,2026-07-13T18:21:47.104814+00:00,sent,,"[KIS][TELEGRAM_CONTROL_START]
profile=paper
loop_interval_sec=25
controller_mode=persistent_service
use /lab_help for commands",1,
214,2026-07-13T18:22:04.342318+00:00,sent,,✅ TradingView Scanner 접근 가능 — 해외 동적 풀 활성화,1,
215,2026-07-13T18:30:25.473852+00:00,sent,,"⏰ [자동 relist 알림] 03:30 KST
현재 감시 풀: 19종목
교체: /lab_relist PLTR NVDA AMD ...
유지: 무시",1,
216,2026-07-13T18:43:11.445680+00:00,sent,,"[KIS][TELEGRAM_CONTROL_START]
profile=paper
loop_interval_sec=25
controller_mode=persistent_service
use /lab_help for commands",1,
217,2026-07-13T18:43:20.330130+00:00,sent,,✅ TradingView Scanner 접근 가능 — 해외 동적 풀 활성화,1,
218,2026-07-13T18:45:41.919016+00:00,sent,,"[KIS][거래알림]
시각=7월 14일 03:45
건수=1
해외 TCBK 매수접수 +$59.67 x18 전략=VWAP+VOL 주도=VWAP",1,
219,2026-07-13T19:24:17.136833+00:00,sent,,"[KIS][거래알림]
시각=7월 14일 04:24
건수=2
해외 WBD 매수접수 +$27.20 x35 전략=VWAP+VOL 주도=VWAP
해외 ERIC 매수접수 +$11.70 x75 전략=VWAP+VOL 주도=VWAP",1,
220,2026-07-13T19:29:57.217343+00:00,sent,,"[KIS][거래알림]
시각=7월 14일 04:29
건수=1
해외 WBD 매도접수 +$27.18 x35 수익률=-0.07% 매수=VWAP+VOL (주도:VWAP) 청산=추세 이탈 손절 주문=공격지정가",1,
221,2026-07-13T19:34:52.021686+00:00,sent,,"[KIS][거래알림]
시각=7월 14일 04:34
건수=1
해외 FHB 매도접수 +$29.11 x41 수익률=+0.81% 매수=VWAP+VOL (주도:VWAP) 청산=시간 만료 청산(수익)",1,
222,2026-07-13T19:37:10.644691+00:00,sent,,"[KIS][거래알림]
시각=7월 14일 04:37
건수=1
해외 ERIC 매도접수 +$11.69 x75 수익률=-0.13% 매수=VWAP+VOL (주도:VWAP) 청산=추세 이탈 손절 주문=공격지정가",1,
223,2026-07-13T19:49:39.758892+00:00,sent,,"[KIS][거래알림]
시각=7월 14일 04:49
건수=1
해외 TCBK 매도접수 +$60.25 x18 수익률=+0.97% 매수=VWAP+VOL (주도:VWAP) 청산=시간 만료 청산(수익)",1,
224,2026-07-13T20:00:08.265354+00:00,sent,,"[KIS][MARKET_STATE_CHANGE]
from=us_regular
to=both_closed
time=2026-07-14 05:00:07 KST",1,
225,2026-07-13T20:01:44.609047+00:00,sent,,"[KIS][거래알림]
시각=7월 14일 05:00
시장=해외 (거래불가 세션)
종목=PSNL
동작=주문거부
가격=$15.0400
수량=-
지표=등락 +6.89%
사유=virtual_exposure_limit
주문거부=1건 (virtual_exposure_limit)",1,
226,2026-07-13T20:03:20.663245+00:00,sent,,"[KIS][거래알림]
시각=7월 14일 05:02
시장=해외 (거래불가 세션)
종목=WBD
동작=주문거부
가격=$27.1300
수량=-
지표=등락 +2.03%
사유=virtual_exposure_limit
주문거부=1건 (virtual_exposure_limit)",1,
227,2026-07-13T20:27:55.097237+00:00,sent,,"[KIS][거래알림]
시각=7월 14일 05:26
시장=해외 (거래불가 세션)
종목=KBON
동작=주문거부
가격=$10.1000
수량=-
지표=등락 -0.20%
사유=virtual_exposure_limit
주문거부=1건 (virtual_exposure_limit)",1,
228,2026-07-13T20:37:44.673953+00:00,sent,,"⚠️ 매매 빈도 낮음
범위=최근 50사이클
매매=0건 비율=0.0%
주요원인=domestic:skip:no_action 50회, overseas:skip:us_open_but_mock_session_not_supported 26회, overseas:skip:virtual_exposure_limit 16회
확인=/lab_status /lab_report compare 2026-07-10",1,
229,2026-07-13T20:58:26.689686+00:00,sent,,"[KIS][거래알림]
시각=7월 14일 05:57
시장=해외 (거래불가 세션)
종목=KBON
동작=주문거부
가격=$10.1000
수량=-
지표=등락 -0.20%
사유=virtual_exposure_limit
주문거부=1건 (virtual_exposure_limit)",1,
230,2026-07-13T21:28:59.747478+00:00,sent,,"[KIS][거래알림]
시각=7월 14일 06:27
시장=해외 (거래불가 세션)
종목=KBON
동작=주문거부
가격=$10.1000
수량=-
지표=등락 -0.20%
사유=virtual_exposure_limit
주문거부=1건 (virtual_exposure_limit)",1,
231,2026-07-13T21:59:03.050392+00:00,sent,,"[KIS][거래알림]
시각=7월 14일 06:58
시장=해외 (거래불가 세션)
종목=KBON
동작=주문거부
가격=$10.1000
수량=-
지표=등락 -0.20%
사유=virtual_exposure_limit
주문거부=1건 (virtual_exposure_limit)",1,
232,2026-07-14T00:00:14.338181+00:00,sent,,"🔄 [국내 동적 풀 갱신] 6종목
거래량 상위: KODEX SK하이닉스단일종목레버리지, 삼성전자, TIGER SK하이닉스단일종목레버리지, 대한항공, KODEX 삼성전자단일종목레버리지",1,
233,2026-07-14T00:00:49.923503+00:00,sent,,"[KIS][거래알림]
시각=7월 14일 09:00
시장=국내
종목=005930(삼성전자)
동작=주문거부
가격=256,500원
수량=-
지표=등락 +0.98%
사유=주문 거부
주문거부=1건 (주문 거부)",1,
234,2026-07-14T00:00:50.925970+00:00,sent,,"[KIS][MARKET_STATE_CHANGE]
from=both_closed
to=krx_open
time=2026-07-14 09:00:49 KST",1,
235,2026-07-14T00:12:10.081595+00:00,sent,,"⛔ 주문거부 서킷브레이커 발동
대상=국내/buy
최근 15분 내 5회 이상 주문거부
오류=VTTC0012U http_error=500 IGW00007 MCA 전문바디 구성 중 오류가 발생하였습니다.
조치=30분간 해당 시장/방향 신규 주문 중단",1,
236,2026-07-14T00:12:52.220105+00:00,sent,,"[KIS][거래알림]
시각=7월 14일 09:12
시장=해외
종목=-
동작=주문거부
가격=-
수량=-
지표=-
사유=domestic_order_reject_halted
주문거부=1건 (domestic_order_reject_halted)",1,
237,2026-07-14T00:14:40.196086+00:00,sent,,"🔄 [국내 동적 풀 갱신] 20종목
거래량 상위: SOL SK하이닉스선물단일종목인버스2X, KODEX SK하이닉스단일종목레버리지, TIGER SK하이닉스단일종목레버리지, KODEX 코스닥150레버리지, KODEX 삼성전자단일종목레버리지",1,
238,2026-07-14T00:22:40.295406+00:00,sent,,"[KIS][거래알림]
시각=7월 14일 09:22
건수=1
국내 002990(금호건설) 매도접수 +14,830원 x52 수익률=-11.94% 매수=RSI 청산=긴급 손절 주문=시장가",1,
239,2026-07-14T00:44:37.202819+00:00,sent,,"✅ 주문거부 서킷브레이커 자동 해제
대상=domestic/buy 쿨다운 30분 완료 → 신규 주문 재개",1,
240,2026-07-14T00:50:09.262314+00:00,sent,,"[KIS][거래알림]
시각=7월 14일 09:47
시장=국내
종목=498400(KODEX 200타겟위클리커버드콜)
동작=주문거부
가격=20,790원
수량=-
지표=등락 +0.56%
사유=주문 거부
주문거부=3건 (주문 거부)",1,
241,2026-07-14T00:52:59.222035+00:00,sent,,"⛔ 주문거부 서킷브레이커 발동
대상=국내/buy
최근 15분 내 5회 이상 주문거부
오류=VTTC0012U http_error=500 IGW00007 MCA 전문바디 구성 중 오류가 발생하였습니다.
조치=30분간 해당 시장/방향 신규 주문 중단",1,
242,2026-07-14T00:53:01.105660+00:00,sent,,"[KIS][거래알림]
시각=7월 14일 09:50
시장=국내
종목=069500(KODEX 200)
동작=주문거부
가격=109,070원
수량=-
지표=등락 +1.55%
사유=주문 거부
주문거부=5건 (주문 거부)",1,
243,2026-07-14T00:55:56.158090+00:00,sent,,"[KIS][거래알림]
시각=7월 14일 09:53
시장=해외
종목=-
동작=주문거부
가격=-
수량=-
지표=-
사유=domestic_order_reject_halted
주문거부=1건 (domestic_order_reject_halted)",1,
244,2026-07-14T01:13:09.714346+00:00,sent,,"🔄 [국내 동적 풀 갱신] 20종목
거래량 상위: KODEX SK하이닉스단일종목레버리지, SOL SK하이닉스선물단일종목인버스2X, TIGER SK하이닉스단일종목레버리지, KODEX 삼성전자단일종목레버리지, KODEX 코스닥150레버리지",1,
245,2026-07-14T01:24:41.219314+00:00,sent,,"✅ 주문거부 서킷브레이커 자동 해제
대상=domestic/buy 쿨다운 30분 완료 → 신규 주문 재개",1,
246,2026-07-14T01:26:36.450141+00:00,sent,,"💥 [FATAL] 서비스 크래시
오류: HTTPStatusError: Server error '502 Bad Gateway' for url 'https://api.telegram.org/bot8789288795:AAHkOyFi5Ajr0UXHmhNwfJiR94UzQlCw7yI/getUpdates?timeout=20&offset=423699929'
For more information check: https://developer.mozilla.org/en-US/docs/Web/HTTP/Status/502
스택(마지막 3줄):
    raise HTTPStatusError(message, request=request, response=self)
httpx.HTTPStatusError: Server error '502 Bad Gateway' for url 'https://api.telegram.org/bot8789288795:AAHkOyFi5Ajr0UXHmhNwfJiR94UzQlCw7yI/getUpdates?timeout=20&offset=423699929'
For more information check: https://developer.mozilla.org/en-US/docs/Web/HTTP/Status/502
",0,"Server error '502 Bad Gateway' for url 'https://api.telegram.org/bot8789288795:AAHkOyFi5Ajr0UXHmhNwfJiR94UzQlCw7yI/sendMessage'
For more information check: https://developer.mozilla.org/en-US/docs/Web"
247,2026-07-14T01:26:43.620393+00:00,sent,,"[KIS][TELEGRAM_CONTROL_START]
profile=paper
loop_interval_sec=25
controller_mode=persistent_service
use /lab_help for commands",0,"Server error '502 Bad Gateway' for url 'https://api.telegram.org/bot8789288795:AAHkOyFi5Ajr0UXHmhNwfJiR94UzQlCw7yI/sendMessage'
For more information check: https://developer.mozilla.org/en-US/docs/Web"
248,2026-07-14T01:26:50.580009+00:00,sent,,"[KIS][TELEGRAM_CONTROL_START]
profile=paper
loop_interval_sec=25
controller_mode=persistent_service
use /lab_help for commands",0,"Server error '502 Bad Gateway' for url 'https://api.telegram.org/bot8789288795:AAHkOyFi5Ajr0UXHmhNwfJiR94UzQlCw7yI/sendMessage'
For more information check: https://developer.mozilla.org/en-US/docs/Web"
249,2026-07-14T01:27:07.111278+00:00,sent,,"[KIS][TELEGRAM_CONTROL_START]
profile=paper
loop_interval_sec=25
controller_mode=persistent_service
use /lab_help for commands",0,
250,2026-07-14T01:27:23.664796+00:00,sent,,"[KIS][TELEGRAM_CONTROL_START]
profile=paper
loop_interval_sec=25
controller_mode=persistent_service
use /lab_help for commands",0,
251,2026-07-14T01:27:40.175317+00:00,sent,,"[KIS][TELEGRAM_CONTROL_START]
profile=paper
loop_interval_sec=25
controller_mode=persistent_service
use /lab_help for commands",0,
252,2026-07-14T01:27:47.473419+00:00,sent,,"[KIS][TELEGRAM_CONTROL_START]
profile=paper
loop_interval_sec=25
controller_mode=persistent_service
use /lab_help for commands",1,
253,2026-07-14T01:27:53.899694+00:00,sent,,✅ TradingView Scanner 접근 가능 — 해외 동적 풀 활성화,1,
254,2026-07-14T01:27:55.507641+00:00,sent,,"🔄 [국내 동적 풀 갱신] 20종목
거래량 상위: KODEX SK하이닉스단일종목레버리지, SOL SK하이닉스선물단일종목인버스2X, TIGER SK하이닉스단일종목레버리지, KODEX 삼성전자단일종목레버리지, KODEX 코스닥150레버리지",1,
255,2026-07-14T01:43:53.438861+00:00,sent,,"[KIS][거래알림]
시각=7월 14일 10:40
시장=해외
종목=-
동작=주문거부
가격=-
수량=-
지표=-
사유=both_waiting
주문거부=1건 (주문 거부)",1,
256,2026-07-14T01:51:52.927875+00:00,sent,,"⛔ 주문거부 서킷브레이커 발동
대상=국내/buy
최근 15분 내 5회 이상 주문거부
오류=VTTC0012U http_error=500 IGW00007 MCA 전문바디 구성 중 오류가 발생하였습니다.
조치=30분간 해당 시장/방향 신규 주문 중단",1,
257,2026-07-14T01:55:29.687936+00:00,sent,,"[KIS][거래알림]
시각=7월 14일 10:51
시장=해외
종목=-
동작=주문거부
가격=-
수량=-
지표=-
사유=both_waiting
주문거부=1건 (domestic_order_reject_halted)",1,
258,2026-07-14T02:23:36.028218+00:00,sent,,"✅ 주문거부 서킷브레이커 자동 해제
대상=domestic/buy 쿨다운 30분 완료 → 신규 주문 재개",1,
259,2026-07-14T02:31:36.833056+00:00,sent,,"[KIS][거래알림]
시각=7월 14일 11:27
시장=해외
종목=-
동작=주문거부
가격=-
수량=-
지표=-
사유=both_waiting
주문거부=1건 (주문 거부)",1,
260,2026-07-14T02:47:38.792488+00:00,sent,,"🔄 [국내 동적 풀 갱신] 20종목
거래량 상위: KODEX SK하이닉스단일종목레버리지, SOL SK하이닉스선물단일종목인버스2X, TIGER SK하이닉스단일종목레버리지, KODEX 삼성전자단일종목레버리지, KODEX 코스닥150레버리지",1,
261,2026-07-14T03:36:30.144968+00:00,sent,,"[KIS][거래알림]
시각=7월 14일 12:32
시장=해외
종목=-
동작=주문거부
가격=-
수량=-
지표=-
사유=both_waiting
주문거부=2건 (주문 거부)",1,
262,2026-07-14T03:40:37.602245+00:00,sent,,"⛔ 주문거부 서킷브레이커 발동
대상=국내/buy
최근 15분 내 5회 이상 주문거부
오류=VTTC0012U http_error=500 IGW00007 MCA 전문바디 구성 중 오류가 발생하였습니다.
조치=30분간 해당 시장/방향 신규 주문 중단",1,
263,2026-07-14T03:44:41.750335+00:00,sent,,"[KIS][거래알림]
시각=7월 14일 12:40
시장=해외
종목=-
동작=주문거부
가격=-
수량=-
지표=-
사유=both_waiting
주문거부=1건 (domestic_order_reject_halted)",1,
264,2026-07-14T04:09:39.182063+00:00,sent,,"🔄 [국내 동적 풀 갱신] 20종목
거래량 상위: SOL SK하이닉스선물단일종목인버스2X, KODEX SK하이닉스단일종목레버리지, TIGER SK하이닉스단일종목레버리지, KODEX 삼성전자단일종목레버리지, KODEX 코스닥150레버리지",1,
265,2026-07-14T04:13:58.253190+00:00,sent,,"✅ 주문거부 서킷브레이커 자동 해제
대상=domestic/buy 쿨다운 30분 완료 → 신규 주문 재개",1,
266,2026-07-14T04:14:00.632115+00:00,sent,,"[KIS][거래알림]
시각=7월 14일 13:09
시장=해외
종목=-
동작=주문거부
가격=-
수량=-
지표=-
사유=both_waiting
주문거부=1건 (주문 거부)",1,
267,2026-07-14T04:22:41.995627+00:00,sent,,"⛔ 주문거부 서킷브레이커 발동
대상=국내/buy
최근 15분 내 5회 이상 주문거부
오류=VTTC0012U http_error=500 IGW00007 MCA 전문바디 구성 중 오류가 발생하였습니다.
조치=30분간 해당 시장/방향 신규 주문 중단",1,
268,2026-07-14T04:27:02.823421+00:00,sent,,"[KIS][거래알림]
시각=7월 14일 13:22
시장=해외
종목=-
동작=주문거부
가격=-
수량=-
지표=-
사유=both_waiting
주문거부=1건 (domestic_order_reject_halted)",1,
269,2026-07-14T04:54:05.434296+00:00,sent,,"✅ 주문거부 서킷브레이커 자동 해제
대상=domestic/buy 쿨다운 30분 완료 → 신규 주문 재개",1,
270,2026-07-14T04:54:07.088915+00:00,sent,,"[KIS][거래알림]
시각=7월 14일 13:49
시장=해외
종목=-
동작=주문거부
가격=-
수량=-
지표=-
사유=both_waiting
주문거부=1건 (주문 거부)",1,
271,2026-07-14T04:54:07.121913+00:00,sent,,"⚠️ 매매 빈도 낮음
범위=최근 50사이클
매매=0건 비율=0.0%
주요원인=overseas:skip:us_open_but_mock_session_not_supported 50회, domestic:skip:domestic_order_reject_halted 20회, domestic:skip:no_action 20회
확인=/lab_status /lab_report compare 2026-07-10",1,
272,2026-07-14T04:58:52.259807+00:00,sent,,"⛔ 주문거부 서킷브레이커 발동
대상=국내/buy
최근 15분 내 5회 이상 주문거부
오류=VTTC0012U http_error=500 IGW00007 MCA 전문바디 구성 중 오류가 발생하였습니다.
조치=30분간 해당 시장/방향 신규 주문 중단",1,
273,2026-07-14T05:03:40.074009+00:00,sent,,"[KIS][거래알림]
시각=7월 14일 13:58
시장=해외
종목=-
동작=주문거부
가격=-
수량=-
지표=-
사유=both_waiting
주문거부=1건 (domestic_order_reject_halted)",1,
274,2026-07-14T05:31:54.932228+00:00,sent,,"✅ 주문거부 서킷브레이커 자동 해제
대상=domestic/buy 쿨다운 30분 완료 → 신규 주문 재개",1,
275,2026-07-14T05:31:56.546028+00:00,sent,,"[KIS][거래알림]
시각=7월 14일 14:26
시장=해외
종목=-
동작=주문거부
가격=-
수량=-
지표=-
사유=both_waiting
주문거부=2건 (주문 거부)",1,
276,2026-07-14T05:42:07.394473+00:00,sent,,"⛔ 주문거부 서킷브레이커 발동
대상=국내/buy
최근 15분 내 5회 이상 주문거부
오류=VTTC0012U http_error=500 IGW00007 MCA 전문바디 구성 중 오류가 발생하였습니다.
조치=30분간 해당 시장/방향 신규 주문 중단",1,
277,2026-07-14T05:42:09.958829+00:00,sent,,"🔄 [국내 동적 풀 갱신] 20종목
거래량 상위: SOL SK하이닉스선물단일종목인버스2X, KODEX SK하이닉스단일종목레버리지, TIGER SK하이닉스단일종목레버리지, KODEX 삼성전자단일종목레버리지, KODEX 코스닥150레버리지",1,
278,2026-07-14T05:46:54.152417+00:00,sent,,"[KIS][거래알림]
시각=7월 14일 14:42
시장=해외
종목=-
동작=주문거부
가격=-
수량=-
지표=-
사유=both_waiting
주문거부=1건 (domestic_order_reject_halted)",1,
279,2026-07-14T06:16:44.192491+00:00,sent,,"✅ 주문거부 서킷브레이커 자동 해제
대상=domestic/buy 쿨다운 30분 완료 → 신규 주문 재개",1,
280,2026-07-14T06:16:46.955885+00:00,sent,,"[KIS][거래알림]
시각=7월 14일 15:11
시장=해외
종목=-
동작=주문거부
가격=-
수량=-
지표=-
사유=both_waiting
주문거부=2건 (주문 거부)",1,
281,2026-07-14T06:25:09.648570+00:00,sent,,"⛔ 주문거부 서킷브레이커 발동
대상=국내/buy
최근 15분 내 5회 이상 주문거부
오류=VTTC0012U http_error=500 IGW00007 MCA 전문바디 구성 중 오류가 발생하였습니다.
조치=30분간 해당 시장/방향 신규 주문 중단",1,
282,2026-07-14T06:28:56.856763+00:00,sent,,"[KIS][거래알림]
시각=7월 14일 15:25
시장=해외
종목=-
동작=주문거부
가격=-
수량=-
지표=-
사유=both_waiting
주문거부=1건 (domestic_order_reject_halted)",1,
283,2026-07-14T06:32:44.746026+00:00,sent,,"[KIS][MARKET_STATE_CHANGE]
from=krx_open
to=both_closed
time=2026-07-14 15:32:43 KST",1,
284,2026-07-14T06:33:50.695081+00:00,sent,,"[KIS][거래알림]
시각=7월 14일 15:32
시장=해외 (거래불가 세션)
종목=KBON
동작=주문거부
가격=$10.1000
수량=-
지표=등락 -0.20%
사유=virtual_exposure_limit
주문거부=2건 (domestic_order_reject_halted, virtual_exposure_limit)",1,
285,2026-07-14T06:55:49.661675+00:00,sent,,"✅ 주문거부 서킷브레이커 자동 해제
대상=domestic/buy 쿨다운 30분 완료 → 신규 주문 재개",1,
286,2026-07-14T06:55:51.085568+00:00,sent,,"[KIS][거래알림]
시각=7월 14일 15:54
시장=해외 (거래불가 세션)
종목=KBON
동작=주문거부
가격=$10.1000
수량=-
지표=등락 -0.20%
사유=virtual_exposure_limit
주문거부=1건 (virtual_exposure_limit)",1,
287,2026-07-14T07:06:14.027176+00:00,received,/lab_gitlog,/lab_gitlog,1,
288,2026-07-14T07:06:14.969575+00:00,sent,,📤 GitHub 로그 업로드 중...,1,
